ID,ISIN,ISIN_YAHOO,TYPE,NAME,ORDER DATE,TRANSACTION DATE,PORTFOLIO,ACTION,SHARES,VALUE,FEES,TOTAL,CURRENCY,
1,ES0115086029,0P0001JGVD.F,FUND,BANKINTER PLATEA DINAMICO - R,17/10/2023,17/10/2023,Renta variable,BUY,2.6911,111.4777,0.0000,300.0000,EUR,
2,IE00BYX5MX67,0P0001CLDM.F,FUND,Fidelity S&P 500 Index Fund EUR P Acc,18/10/2023,18/10/2023,Renta variable,BUY,6.3540,9.8700,0.0000,62.7140,EUR,
3,LU2349459045,0P0001NYT8.F,FUND,Goldman Sachs Global Enhanced Index Sustainable Equity - I Cap EUR,18/10/2023,18/10/2023,Renta variable,BUY,0.0050,4808.8500,0.0000,24.0443,EUR,
10,IE0007471471,0P00000W6H.F,FUND,Vanguard U.S. Govt Bd Idx € H Acc,18/10/2023,18/10/2023,Renta fija,BUY,0.2500,82.4200,0.0000,20.6050,EUR,
11,IE00BYWYCC39,0P0001AINL.F,FUND,iShares Emerging Markets Index Fund (IE) D Acc EUR,18/10/2023,18/10/2023,Renta variable,BUY,1.7200,11.0900,0.0000,19.0748,EUR,
12,IE00B246KL88,0P0000CV2T.F,FUND,Vanguard 20+ Year Euro Treasury Index Fund EUR Acc,18/10/2023,18/10/2023,Renta fija,BUY,0.1200,133.9800,0.0000,16.0776,EUR,
13,IE00BYX5MD61,0P0001CJGN.F,FUND,Fidelity MSCI Europe Index Fund EUR P Acc,18/10/2023,18/10/2023,Renta variable,BUY,2.0070,6.9400,0.0000,13.9286,EUR,
14,IE00BYX5N771,0P0001CLDI.F,FUND,Fidelity MSCI Japan Index Fund EUR P Acc,18/10/2023,18/10/2023,Renta variable,BUY,1.3770,6.3200,0.0000,8.7026,EUR,
15,IE00BDZVHT63,0P0001COSJ,FUND,Fidelity MSCI Pacific ex Japan Index Fund USD P Acc,18/10/2023,18/10/2023,Renta variable,BUY,0.7080,5.2100,0.0000,3.6887,USD,
16,IE00B1G3DH73,0P00006TV8.F,FUND,Vanguard U.S. 500 Stock Index Fund EUR Hedged Acc,18/10/2023,18/10/2023,Renta variable,BUY,0.1100,30.5800,0.0000,3.3638,EUR,
17,ES0115086029,0P0001JGVD.F,FUND,BANKINTER PLATEA DINAMICO - R,24/10/2023,24/10/2023,Renta variable,BUY,1.3696,109.5218,0.0000,150.0000,EUR,
18,IE00BYX5MX67,0P0001CLDM.F,FUND,Fidelity S&P 500 Index Fund EUR P Acc,24/10/2023,24/10/2023,Renta variable,BUY,6.0210,9.6600,0.0000,58.1629,EUR,
19,LU2349459045,0P0001NYT8.F,FUND,Goldman Sachs Global Enhanced Index Sustainable Equity - I Cap EUR,24/10/2023,24/10/2023,Renta variable,BUY,0.0040,4698.0900,0.0000,18.7924,EUR,
20,IE0007471471,0P00000W6H.F,FUND,Vanguard U.S. Govt Bd Idx € H Acc,24/10/2023,24/10/2023,Renta fija,BUY,0.2280,82.8800,0.0000,18.8966,EUR,
21,IE00BYWYCC39,0P0001AINL.F,FUND,iShares Emerging Markets Index Fund (IE) D Acc EUR,24/10/2023,24/10/2023,Renta variable,BUY,1.5900,10.8900,0.0000,17.3151,EUR,
22,IE00B246KL88,0P0000CV2T.F,FUND,Vanguard 20+ Year Euro Treasury Index Fund EUR Acc,24/10/2023,24/10/2023,Renta fija,BUY,0.1200,133.4200,0.0000,16.0104,EUR,
23,IE00BYX5MD61,0P0001CJGN.F,FUND,Fidelity MSCI Europe Index Fund EUR P Acc,24/10/2023,24/10/2023,Renta variable,BUY,1.8890,6.8100,0.0000,12.8641,EUR,
24,IE00BYX5N771,0P0001CLDI.F,FUND,Fidelity MSCI Japan Index Fund EUR P Acc,24/10/2023,24/10/2023,Renta variable,BUY,1.2670,6.2800,0.0000,7.9568,EUR,
25,IE00BDZVHT63,0P0001COSJ,FUND,Fidelity MSCI Pacific ex Japan Index Fund USD P Acc,24/10/2023,24/10/2023,Renta variable,BUY,0.6150,5.1500,0.0000,3.1673,USD,
26,IE00B1G3DH73,0P00006TV8.F,FUND,Vanguard U.S. 500 Stock Index Fund EUR Hedged Acc,24/10/2023,24/10/2023,Renta variable,BUY,0.1100,30.1000,0.0000,3.3110,EUR,
27,ES0115086029,0P0001JGVD.F,FUND,BANKINTER PLATEA DINAMICO - R,03/11/2023,03/11/2023,Renta variable,BUY,1.7956,111.3834,0.0000,200.0000,EUR,
28,IE00BYX5MX67,0P0001CLDM.F,FUND,Fidelity S&P 500 Index Fund EUR P Acc,03/11/2023,03/11/2023,Renta variable,BUY,9.1260,9.7900,0.0000,89.3435,EUR,
29,LU2349459045,0P0001NYT8.F,FUND,Goldman Sachs Global Enhanced Index Sustainable Equity - I Cap EUR,03/11/2023,03/11/2023,Renta variable,BUY,0.0080,4789.2600,0.0000,38.3141,EUR,
30,IE0007471471,0P00000W6H.F,FUND,Vanguard U.S. Govt Bd Idx € H Acc,03/11/2023,03/11/2023,Renta fija,BUY,0.3590,84.0600,0.0000,30.1775,EUR,
31,IE00BYWYCC39,0P0001AINL.F,FUND,iShares Emerging Markets Index Fund (IE) D Acc EUR,03/11/2023,03/11/2023,Renta variable,BUY,2.4700,11.3400,0.0000,28.0098,EUR,
32,IE00B246KL88,0P0000CV2T.F,FUND,Vanguard 20+ Year Euro Treasury Index Fund EUR Acc,03/11/2023,03/11/2023,Renta fija,BUY,0.1800,137.3800,0.0000,24.7284,EUR,
33,IE00BYX5MD61,0P0001CJGN.F,FUND,Fidelity MSCI Europe Index Fund EUR P Acc,03/11/2023,03/11/2023,Renta variable,BUY,2.8620,6.9200,0.0000,19.8050,EUR,
34,IE00BYX5N771,0P0001CLDI.F,FUND,Fidelity MSCI Japan Index Fund EUR P Acc,03/11/2023,03/11/2023,Renta variable,BUY,1.8850,6.5000,0.0000,12.2525,EUR,
35,IE00BDZVHT63,0P0001COSJ,FUND,Fidelity MSCI Pacific ex Japan Index Fund USD P Acc,03/11/2023,03/11/2023,Renta variable,BUY,0.9420,5.4100,0.0000,5.0962,USD,
36,IE00B1G3DH73,0P00006TV8.F,FUND,Vanguard U.S. 500 Stock Index Fund EUR Hedged Acc,03/11/2023,03/11/2023,Renta variable,BUY,0.1600,30.8500,0.0000,4.9360,EUR,
37,IE00BYX5MX67,0P0001CLDM.F,FUND,Fidelity S&P 500 Index Fund EUR P Acc,17/11/2023,17/11/2023,Renta variable,BUY,6.2810,10.0000,0.0000,62.8100,EUR,
38,LU2349459045,0P0001NYT8.F,FUND,Goldman Sachs Global Enhanced Index Sustainable Equity - I Cap EUR,17/11/2023,17/11/2023,Renta variable,BUY,0.0050,4889.9700,0.0000,24.4499,EUR,
39,IE0007471471,0P00000W6H.F,FUND,Vanguard U.S. Govt Bd Idx € H Acc,17/11/2023,17/11/2023,Renta fija,BUY,0.2570,84.5900,0.0000,21.7396,EUR,
40,IE00BYWYCC39,0P0001AINL.F,FUND,iShares Emerging Markets Index Fund (IE) D Acc EUR,17/11/2023,17/11/2023,Renta variable,BUY,1.6600,11.3900,0.0000,18.9074,EUR,
41,IE00B246KL88,0P0000CV2T.F,FUND,Vanguard 20+ Year Euro Treasury Index Fund EUR Acc,17/11/2023,17/11/2023,Renta fija,BUY,0.1100,143.1100,0.0000,15.7421,EUR,
42,IE00BYX5MD61,0P0001CJGN.F,FUND,Fidelity MSCI Europe Index Fund EUR P Acc,17/11/2023,17/11/2023,Renta variable,BUY,1.9980,7.1200,0.0000,14.2258,EUR,
43,IE00BYX5N771,0P0001CLDI.F,FUND,Fidelity MSCI Japan Index Fund EUR P Acc,17/11/2023,17/11/2023,Renta variable,BUY,1.4500,6.4900,0.0000,9.4105,EUR,
44,IE00BDZVHT63,0P0001COSJ,FUND,Fidelity MSCI Pacific ex Japan Index Fund USD P Acc,17/11/2023,17/11/2023,Renta variable,BUY,0.6220,5.4700,0.0000,3.4023,USD,
45,IE00B1G3DH73,0P00006TV8.F,FUND,Vanguard U.S. 500 Stock Index Fund EUR Hedged Acc,17/11/2023,17/11/2023,Renta variable,BUY,0.1000,31.9400,0.0000,3.1940,EUR,
46,IE00BYX5MX67,0P0001CLDM.F,FUND,Fidelity S&P 500 Index Fund EUR P Acc,23/11/2023,23/11/2023,Renta variable,BUY,6.1530,10.0600,0.0000,61.8992,EUR,
47,LU2349459045,0P0001NYT8.F,FUND,Goldman Sachs Global Enhanced Index Sustainable Equity - I Cap EUR,23/11/2023,23/11/2023,Renta variable,BUY,0.0050,4917.9700,0.0000,24.5899,EUR,
48,IE0007471471,0P00000W6H.F,FUND,Vanguard U.S. Govt Bd Idx € H Acc,23/11/2023,23/11/2023,Renta fija,BUY,0.2550,84.5100,0.0000,21.5501,EUR,
49,IE00BYWYCC39,0P0001AINL.F,FUND,iShares Emerging Markets Index Fund (IE) D Acc EUR,23/11/2023,23/11/2023,Renta variable,BUY,1.7700,11.3000,0.0000,20.0010,EUR,
50,IE00B246KL88,0P0000CV2T.F,FUND,Vanguard 20+ Year Euro Treasury Index Fund EUR Acc,23/11/2023,23/11/2023,Renta fija,BUY,0.1200,143.0700,0.0000,17.1684,EUR,
51,IE00BYX5MD61,0P0001CJGN.F,FUND,Fidelity MSCI Europe Index Fund EUR P Acc,23/11/2023,23/11/2023,Renta variable,BUY,1.9360,7.1500,0.0000,13.8424,EUR,
52,IE00BYX5N771,0P0001CLDI.F,FUND,Fidelity MSCI Japan Index Fund EUR P Acc,23/11/2023,23/11/2023,Renta variable,BUY,1.3600,6.4900,0.0000,8.8264,EUR,
53,IE00BDZVHT63,0P0001COSJ,FUND,Fidelity MSCI Pacific ex Japan Index Fund USD P Acc,23/11/2023,23/11/2023,Renta variable,BUY,0.6480,5.4700,0.0000,3.5446,USD,
54,IE00B1G3DH73,0P00006TV8.F,FUND,Vanguard U.S. 500 Stock Index Fund EUR Hedged Acc,23/11/2023,23/11/2023,Renta variable,BUY,0.1100,32.1900,0.0000,3.5409,EUR,
55,ES0115086029,0P0001JGVD.F,FUND,BANKINTER PLATEA DINAMICO - R,24/11/2023,24/11/2023,Renta variable,BUY,1.3225,113.4216,0.0000,150.0000,EUR,
56,IE00BYX5MX67,0P0001CLDM.F,FUND,Fidelity S&P 500 Index Fund EUR P Acc,30/11/2023,30/11/2023,Renta variable,BUY,6.4900,10.1000,0.0000,65.5490,EUR,
57,LU2349459045,0P0001NYT8.F,FUND,Goldman Sachs Global Enhanced Index Sustainable Equity - I Cap EUR,30/11/2023,30/11/2023,Renta variable,BUY,0.0050,4947.1700,0.0000,24.7359,EUR,
58,IE0007471471,0P00000W6H.F,FUND,Vanguard U.S. Govt Bd Idx € H Acc,30/11/2023,30/11/2023,Renta fija,BUY,0.2200,85.2200,0.0000,18.7484,EUR,
59,IE00BYWYCC39,0P0001AINL.F,FUND,iShares Emerging Markets Index Fund (IE) D Acc EUR,30/11/2023,30/11/2023,Renta variable,BUY,1.7100,11.4300,0.0000,19.5453,EUR,
60,IE00B246KL88,0P0000CV2T.F,FUND,Vanguard 20+ Year Euro Treasury Index Fund EUR Acc,30/11/2023,30/11/2023,Renta fija,BUY,0.1100,148.1100,0.0000,16.2921,EUR,
61,IE00BYX5MD61,0P0001CJGN.F,FUND,Fidelity MSCI Europe Index Fund EUR P Acc,30/11/2023,30/11/2023,Renta variable,BUY,1.8660,7.2600,0.0000,13.5472,EUR,
62,IE00BYX5N771,0P0001CLDI.F,FUND,Fidelity MSCI Japan Index Fund EUR P Acc,30/11/2023,30/11/2023,Renta variable,BUY,1.3240,6.6000,0.0000,8.7384,EUR,
63,IE00BDZVHT63,0P0001COSJ,FUND,Fidelity MSCI Pacific ex Japan Index Fund USD P Acc,30/11/2023,30/11/2023,Renta variable,BUY,0.6530,5.4600,0.0000,3.5654,USD,
64,IE00B1G3DH73,0P00006TV8.F,FUND,Vanguard U.S. 500 Stock Index Fund EUR Hedged Acc,30/11/2023,30/11/2023,Renta variable,BUY,0.1000,32.3100,0.0000,3.2310,EUR,
65,IE00BYX5MX67,0P0001CLDM.F,FUND,Fidelity S&P 500 Index Fund EUR P Acc,08/12/2023,08/12/2023,Renta variable,BUY,6.0240,10.3200,0.0000,62.1677,EUR,
66,LU2349459045,0P0001NYT8.F,FUND,Goldman Sachs Global Enhanced Index Sustainable Equity - I Cap EUR,08/12/2023,08/12/2023,Renta variable,BUY,0.0040,5081.2200,0.0000,20.3249,EUR,
67,IE0007471471,0P00000W6H.F,FUND,Vanguard U.S. Govt Bd Idx € H Acc,08/12/2023,08/12/2023,Renta fija,BUY,0.2700,85.9100,0.0000,23.1957,EUR,
68,IE00BYWYCC39,0P0001AINL.F,FUND,iShares Emerging Markets Index Fund (IE) D Acc EUR,08/12/2023,08/12/2023,Renta variable,BUY,1.8800,11.4200,0.0000,21.4696,EUR,
69,IE00B246KL88,0P0000CV2T.F,FUND,Vanguard 20+ Year Euro Treasury Index Fund EUR Acc,08/12/2023,08/12/2023,Renta fija,BUY,0.0900,153.9100,0.0000,13.8519,EUR,
70,IE00BYX5MD61,0P0001CJGN.F,FUND,Fidelity MSCI Europe Index Fund EUR P Acc,08/12/2023,08/12/2023,Renta variable,BUY,1.9350,7.3800,0.0000,14.2803,EUR,
71,IE00BYX5N771,0P0001CLDI.F,FUND,Fidelity MSCI Japan Index Fund EUR P Acc,08/12/2023,08/12/2023,Renta variable,BUY,1.2050,6.6300,0.0000,7.9892,EUR,
72,IE00BDZVHT63,0P0001COSJ,FUND,Fidelity MSCI Pacific ex Japan Index Fund USD P Acc,08/12/2023,08/12/2023,Renta variable,BUY,0.7190,5.4600,0.0000,3.9257,USD,
73,IE00B1G3DH73,0P00006TV8.F,FUND,Vanguard U.S. 500 Stock Index Fund EUR Hedged Acc,08/12/2023,08/12/2023,Renta variable,BUY,0.1200,32.7000,0.0000,3.9240,EUR,
74,IE00BYX5MX67,0P0001CLDM.F,FUND,Fidelity S&P 500 Index Fund EUR P Acc,15/12/2023,15/12/2023,Renta variable,BUY,6.0390,10.4400,0.0000,63.0472,EUR,
75,LU2349459045,0P0001NYT8.F,FUND,Goldman Sachs Global Enhanced Index Sustainable Equity - I Cap EUR,15/12/2023,15/12/2023,Renta variable,BUY,0.0050,5108.3300,0.0000,25.5417,EUR,
76,IE0007471471,0P00000W6H.F,FUND,Vanguard U.S. Govt Bd Idx € H Acc,15/12/2023,15/12/2023,Renta fija,BUY,0.2300,87.5600,0.0000,20.1388,EUR,
77,IE00BYWYCC39,0P0001AINL.F,FUND,iShares Emerging Markets Index Fund (IE) D Acc EUR,15/12/2023,15/12/2023,Renta variable,BUY,1.8300,11.4500,0.0000,20.9535,EUR,
78,IE00B246KL88,0P0000CV2T.F,FUND,Vanguard 20+ Year Euro Treasury Index Fund EUR Acc,15/12/2023,15/12/2023,Renta fija,BUY,0.1000,160.0600,0.0000,16.0060,EUR,
79,IE00BYX5MD61,0P0001CJGN.F,FUND,Fidelity MSCI Europe Index Fund EUR P Acc,15/12/2023,15/12/2023,Renta variable,BUY,1.7830,7.4200,0.0000,13.2299,EUR,
80,IE00BYX5N771,0P0001CLDI.F,FUND,Fidelity MSCI Japan Index Fund EUR P Acc,15/12/2023,15/12/2023,Renta variable,BUY,1.6060,6.5700,0.0000,10.5514,EUR,
81,IE00BDZVHT63,0P0001COSJ,FUND,Fidelity MSCI Pacific ex Japan Index Fund USD P Acc,15/12/2023,15/12/2023,Renta variable,BUY,0.4610,5.7200,0.0000,2.6369,USD,
82,IE00B1G3DH73,0P00006TV8.F,FUND,Vanguard U.S. 500 Stock Index Fund EUR Hedged Acc,15/12/2023,15/12/2023,Renta variable,BUY,0.0900,33.3700,0.0000,3.0033,EUR,
83,LU2349459045,0P0001NYT8.F,FUND,Goldman Sachs Global Enhanced Index Sustainable Equity - I Cap EUR,18/12/2023,18/12/2023,Renta variable,BUY,0.0050,5108.3300,0.0000,25.5417,EUR,
84,IE0007471471,0P00000W6H.F,FUND,Vanguard U.S. Govt Bd Idx € H Acc,18/12/2023,18/12/2023,Renta fija,BUY,0.1700,87.3900,0.0000,14.8563,EUR,
85,IE00B246KL88,0P0000CV2T.F,FUND,Vanguard 20+ Year Euro Treasury Index Fund EUR Acc,18/12/2023,18/12/2023,Renta fija,BUY,0.0600,162.4700,0.0000,9.7482,EUR,
86,IE00BYX5MD61,0P0001CJGN.F,FUND,Fidelity MSCI Europe Index Fund EUR P Acc,18/12/2023,18/12/2023,Renta variable,BUY,2.6960,7.4200,0.0000,20.0043,EUR,
87,IE00BDZVHT63,0P0001COSJ,FUND,Fidelity MSCI Pacific ex Japan Index Fund USD P Acc,18/12/2023,18/12/2023,Renta variable,BUY,0.5180,5.7900,0.0000,2.9992,USD,
88,IE00B1G3DH73,0P00006TV8.F,FUND,Vanguard U.S. 500 Stock Index Fund EUR Hedged Acc,18/12/2023,18/12/2023,Renta variable,BUY,0.2900,33.5200,0.0000,9.7208,EUR,
89,IE00BYX5MX67,0P0001CLDM.F,FUND,Fidelity S&P 500 Index Fund EUR P Acc,18/12/2023,18/12/2023,Renta variable,BUY,6.5790,10.4900,0.0000,69.0137,EUR,
90,IE00BYWYCC39,0P0001AINL.F,FUND,iShares Emerging Markets Index Fund (IE) D Acc EUR,20/12/2023,20/12/2023,Renta variable,BUY,1.7400,11.4500,0.0000,19.9230,EUR,
91,IE00BYX5N771,0P0001CLDI.F,FUND,Fidelity MSCI Japan Index Fund EUR P Acc,21/12/2023,21/12/2023,Renta variable,BUY,2.2740,6.6000,0.0000,15.0084,EUR,
92,LU2349459045,0P0001NYT8.F,FUND,Goldman Sachs Global Enhanced Index Sustainable Equity - I Cap EUR,22/12/2023,22/12/2023,Renta variable,BUY,0.0050,5111.5300,0.0000,25.5577,EUR,
93,IE00BYX5MX67,0P0001CLDM.F,FUND,Fidelity S&P 500 Index Fund EUR P Acc,25/12/2023,25/12/2023,Renta variable,BUY,6.6340,10.4000,0.0000,68.9936,EUR,
94,IE0007471471,0P00000W6H.F,FUND,Vanguard U.S. Govt Bd Idx € H Acc,25/12/2023,25/12/2023,Renta fija,BUY,0.1700,87.6700,0.0000,14.9039,EUR,
95,IE00B246KL88,0P0000CV2T.F,FUND,Vanguard 20+ Year Euro Treasury Index Fund EUR Acc,25/12/2023,25/12/2023,Renta fija,BUY,0.0600,165.3800,0.0000,9.9228,EUR,
96,IE00BYX5MD61,0P0001CJGN.F,FUND,Fidelity MSCI Europe Index Fund EUR P Acc,25/12/2023,25/12/2023,Renta variable,BUY,2.6780,7.4700,0.0000,20.0047,EUR,
97,IE00BDZVHT63,0P0001COSJ,FUND,Fidelity MSCI Pacific ex Japan Index Fund USD P Acc,25/12/2023,25/12/2023,Renta variable,BUY,0.5070,5.9100,0.0000,2.9964,USD,
98,IE00B1G3DH73,0P00006TV8.F,FUND,Vanguard U.S. 500 Stock Index Fund EUR Hedged Acc,25/12/2023,25/12/2023,Renta variable,BUY,0.2900,33.8000,0.0000,9.8020,EUR,
99,ES0115086029,0P0001JGVD.F,FUND,BANKINTER PLATEA DINAMICO - R,27/12/2023,27/12/2023,Renta variable,BUY,1.2781,117.3654,0.0000,150.0000,EUR,
100,IE00BYWYCC39,0P0001AINL.F,FUND,iShares Emerging Markets Index Fund (IE) D Acc EUR,27/12/2023,27/12/2023,Renta variable,BUY,1.7200,11.6100,0.0000,19.9692,EUR,
101,IE00BYX5N771,0P0001CLDI.F,FUND,Fidelity MSCI Japan Index Fund EUR P Acc,28/12/2023,28/12/2023,Renta variable,BUY,2.2290,6.7300,0.0000,15.0012,EUR,
102,LU2349459045,0P0001NYT8.F,FUND,Goldman Sachs Global Enhanced Index Sustainable Equity - I Cap EUR,29/12/2023,29/12/2023,Renta variable,BUY,0.0050,5126.5200,0.0000,25.6326,EUR,
103,IE0007471471,0P00000W6H.F,FUND,Vanguard U.S. Govt Bd Idx € H Acc,04/01/2024,04/01/2024,Renta fija,BUY,0.1700,87.0000,0.0000,14.7900,EUR,
104,IE00BYWYCC39,0P0001AINL.F,FUND,iShares Emerging Markets Index Fund (IE) D Acc EUR,04/01/2024,04/01/2024,Renta variable,BUY,1.7400,11.4600,0.0000,19.9404,EUR,
105,IE00B246KL88,0P0000CV2T.F,FUND,Vanguard 20+ Year Euro Treasury Index Fund EUR Acc,04/01/2024,04/01/2024,Renta fija,BUY,0.0600,157.4200,0.0000,9.4452,EUR,
106,IE00BYX5MD61,0P0001CJGN.F,FUND,Fidelity MSCI Europe Index Fund EUR P Acc,04/01/2024,04/01/2024,Renta variable,BUY,2.6920,7.4300,0.0000,20.0016,EUR,
107,IE00BYX5N771,0P0001CLDI.F,FUND,Fidelity MSCI Japan Index Fund EUR P Acc,04/01/2024,04/01/2024,Renta variable,BUY,2.2400,6.7000,0.0000,15.0080,EUR,
108,IE00BDZVHT63,0P0001COSJ,FUND,Fidelity MSCI Pacific ex Japan Index Fund USD P Acc,04/01/2024,04/01/2024,Renta variable,BUY,0.5170,5.8000,0.0000,2.9986,USD,
109,IE00B1G3DH73,0P00006TV8.F,FUND,Vanguard U.S. 500 Stock Index Fund EUR Hedged Acc,04/01/2024,04/01/2024,Renta variable,BUY,0.3000,33.1800,0.0000,9.9540,EUR,
110,IE00BYX5MX67,0P0001CLDM.F,FUND,Fidelity S&P 500 Index Fund EUR P Acc,04/01/2024,04/01/2024,Renta variable,BUY,6.6740,10.3400,0.0000,69.0092,EUR,
111,LU2349459045,0P0001NYT8.F,FUND,Goldman Sachs Global Enhanced Index Sustainable Equity - I Cap EUR,05/01/2024,05/01/2024,Renta variable,BUY,0.0050,5074.3800,0.0000,25.3719,EUR,
112,IE0007471471,0P00000W6H.F,FUND,Vanguard U.S. Govt Bd Idx € H Acc,08/01/2024,08/01/2024,Renta fija,BUY,0.1700,87.2800,0.0000,14.8376,EUR,
113,IE00BYX5MD61,0P0001CJGN.F,FUND,Fidelity MSCI Europe Index Fund EUR P Acc,08/01/2024,08/01/2024,Renta variable,BUY,2.6770,7.4700,0.0000,19.9972,EUR,
114,IE00B1G3DH73,0P00006TV8.F,FUND,Vanguard U.S. 500 Stock Index Fund EUR Hedged Acc,08/01/2024,08/01/2024,Renta variable,BUY,0.2900,33.6600,0.0000,9.7614,EUR,
115,IE00BYX5MX67,0P0001CLDM.F,FUND,Fidelity S&P 500 Index Fund EUR P Acc,08/01/2024,08/01/2024,Renta variable,BUY,6.5780,10.4900,0.0000,69.0032,EUR,
116,IE00BDZVHT63,0P0001COSJ,FUND,Fidelity MSCI Pacific ex Japan Index Fund USD P Acc,08/01/2024,08/01/2024,Renta variable,BUY,0.5200,5.7700,0.0000,3.0004,USD,
117,IE00BYWYCC39,0P0001AINL.F,FUND,iShares Emerging Markets Index Fund (IE) D Acc EUR,10/01/2024,10/01/2024,Renta variable,BUY,1.7400,11.4700,0.0000,19.9578,EUR,
118,IE00BYX5N771,0P0001CLDI.F,FUND,Fidelity MSCI Japan Index Fund EUR P Acc,11/01/2024,11/01/2024,Renta variable,BUY,2.1440,7.0000,0.0000,15.0080,EUR,
119,LU2349459045,0P0001NYT8.F,FUND,Goldman Sachs Global Enhanced Index Sustainable Equity - I Cap EUR,12/01/2024,12/01/2024,Renta variable,BUY,0.0050,5160.7100,0.0000,25.8036,EUR,
120,IE0007471471,0P00000W6H.F,FUND,Vanguard U.S. Govt Bd Idx € H Acc,15/01/2024,15/01/2024,Renta fija,BUY,0.1700,87.0400,0.0000,14.7968,EUR,
121,IE00B246KL88,0P0000CV2T.F,FUND,Vanguard 20+ Year Euro Treasury Index Fund EUR Acc,15/01/2024,15/01/2024,Renta fija,BUY,0.0600,154.5100,0.0000,9.2706,EUR,
122,IE00BYX5MD61,0P0001CJGN.F,FUND,Fidelity MSCI Europe Index Fund EUR P Acc,15/01/2024,15/01/2024,Renta variable,BUY,2.7040,7.3900,0.0000,19.9826,EUR,
123,IE00BDZVHT63,0P0001COSJ,FUND,Fidelity MSCI Pacific ex Japan Index Fund USD P Acc,15/01/2024,15/01/2024,Renta variable,BUY,0.5330,5.6200,0.0000,2.9955,USD,
124,IE00B1G3DH73,0P00006TV8.F,FUND,Vanguard U.S. 500 Stock Index Fund EUR Hedged Acc,15/01/2024,15/01/2024,Renta variable,BUY,0.2900,33.6700,0.0000,9.7643,EUR,
125,IE00BYX5MX67,0P0001CLDM.F,FUND,Fidelity S&P 500 Index Fund EUR P Acc,15/01/2024,15/01/2024,Renta variable,BUY,6.5160,10.5900,0.0000,69.0044,EUR,
126,IE00BYWYCC39,0P0001AINL.F,FUND,iShares Emerging Markets Index Fund (IE) D Acc EUR,17/01/2024,17/01/2024,Renta variable,BUY,1.7900,11.1700,0.0000,19.9943,EUR,
127,IE00BYX5N771,0P0001CLDI.F,FUND,Fidelity MSCI Japan Index Fund EUR P Acc,18/01/2024,18/01/2024,Renta variable,BUY,2.1600,6.9400,0.0000,14.9904,EUR,
128,LU2349459045,0P0001NYT8.F,FUND,Goldman Sachs Global Enhanced Index Sustainable Equity - I Cap EUR,19/01/2024,19/01/2024,Renta variable,BUY,0.0050,5224.6100,0.0000,26.1231,EUR,
129,IE0007471471,0P00000W6H.F,FUND,Vanguard U.S. Govt Bd Idx € H Acc,22/01/2024,22/01/2024,Renta fija,BUY,0.1700,86.8000,0.0000,14.7560,EUR,
130,IE00B246KL88,0P0000CV2T.F,FUND,Vanguard 20+ Year Euro Treasury Index Fund EUR Acc,22/01/2024,22/01/2024,Renta fija,BUY,0.0600,154.5600,0.0000,9.2736,EUR,
131,IE00BYX5MD61,0P0001CJGN.F,FUND,Fidelity MSCI Europe Index Fund EUR P Acc,22/01/2024,22/01/2024,Renta variable,BUY,2.7040,7.3900,0.0000,19.9826,EUR,
132,IE00BDZVHT63,0P0001COSJ,FUND,Fidelity MSCI Pacific ex Japan Index Fund USD P Acc,22/01/2024,22/01/2024,Renta variable,BUY,0.5330,5.6300,0.0000,3.0008,USD,
133,IE00B1G3DH73,0P00006TV8.F,FUND,Vanguard U.S. 500 Stock Index Fund EUR Hedged Acc,22/01/2024,22/01/2024,Renta variable,BUY,0.2900,34.2700,0.0000,9.9383,EUR,
134,IE00BYX5MX67,0P0001CLDM.F,FUND,Fidelity S&P 500 Index Fund EUR P Acc,22/01/2024,22/01/2024,Renta variable,BUY,6.4080,10.7700,0.0000,69.0142,EUR,
135,ES0115086029,0P0001JGVD.F,FUND,BANKINTER PLATEA DINAMICO - R,24/01/2024,24/01/2024,Renta variable,BUY,1.2747,117.6794,0.0000,150.0000,EUR,
136,IE00BYWYCC39,0P0001AINL.F,FUND,iShares Emerging Markets Index Fund (IE) D Acc EUR,24/01/2024,24/01/2024,Renta variable,BUY,1.7300,11.5100,0.0000,19.9123,EUR,
137,IE00BYX5N771,0P0001CLDI.F,FUND,Fidelity MSCI Japan Index Fund EUR P Acc,25/01/2024,25/01/2024,Renta variable,BUY,2.1710,6.9100,0.0000,15.0016,EUR,
138,LU2349459045,0P0001NYT8.F,FUND,Goldman Sachs Global Enhanced Index Sustainable Equity - I Cap EUR,26/01/2024,26/01/2024,Renta variable,BUY,0.0050,5299.0100,0.0000,26.4951,EUR,
139,IE0007471471,0P00000W6H.F,FUND,Vanguard U.S. Govt Bd Idx € H Acc,29/01/2024,29/01/2024,Renta fija,BUY,0.1700,86.9700,0.0000,14.7849,EUR,
140,IE00B246KL88,0P0000CV2T.F,FUND,Vanguard 20+ Year Euro Treasury Index Fund EUR Acc,29/01/2024,29/01/2024,Renta fija,BUY,0.0600,154.6100,0.0000,9.2766,EUR,
141,IE00BYX5MD61,0P0001CJGN.F,FUND,Fidelity MSCI Europe Index Fund EUR P Acc,29/01/2024,29/01/2024,Renta variable,BUY,2.6410,7.5700,0.0000,19.9924,EUR,
142,IE00BDZVHT63,0P0001COSJ,FUND,Fidelity MSCI Pacific ex Japan Index Fund USD P Acc,29/01/2024,29/01/2024,Renta variable,BUY,0.5260,5.7000,0.0000,2.9982,USD,
143,IE00B1G3DH73,0P00006TV8.F,FUND,Vanguard U.S. 500 Stock Index Fund EUR Hedged Acc,29/01/2024,29/01/2024,Renta variable,BUY,0.2800,34.8300,0.0000,9.7524,EUR,
144,IE00BYX5MX67,0P0001CLDM.F,FUND,Fidelity S&P 500 Index Fund EUR P Acc,29/01/2024,29/01/2024,Renta variable,BUY,6.2560,11.0300,0.0000,69.0037,EUR,
145,IE00BYWYCC39,0P0001AINL.F,FUND,iShares Emerging Markets Index Fund (IE) D Acc EUR,31/01/2024,31/01/2024,Renta variable,BUY,1.7400,11.4500,0.0000,19.9230,EUR,
146,IE00BYX5N771,0P0001CLDI.F,FUND,Fidelity MSCI Japan Index Fund EUR P Acc,01/02/2024,01/02/2024,Renta variable,BUY,2.1260,7.0500,0.0000,14.9883,EUR,
147,LU2349459045,0P0001NYT8.F,FUND,Goldman Sachs Global Enhanced Index Sustainable Equity - I Cap EUR,02/02/2024,02/02/2024,Renta variable,BUY,0.0050,5358.1700,0.0000,26.7909,EUR,
148,IE0007471471,0P00000W6H.F,FUND,Vanguard U.S. Govt Bd Idx € H Acc,05/02/2024,05/02/2024,Renta fija,BUY,0.1700,86.5600,0.0000,14.7152,EUR,
149,IE00B246KL88,0P0000CV2T.F,FUND,Vanguard 20+ Year Euro Treasury Index Fund EUR Acc,05/02/2024,05/02/2024,Renta fija,BUY,0.0600,152.3400,0.0000,9.1404,EUR,
150,IE00BYX5MD61,0P0001CJGN.F,FUND,Fidelity MSCI Europe Index Fund EUR P Acc,05/02/2024,05/02/2024,Renta variable,BUY,2.6410,7.5700,0.0000,19.9924,EUR,
151,IE00BDZVHT63,0P0001COSJ,FUND,Fidelity MSCI Pacific ex Japan Index Fund USD P Acc,05/02/2024,05/02/2024,Renta variable,BUY,0.5290,5.6600,0.0000,2.9941,USD,
152,IE00B1G3DH73,0P00006TV8.F,FUND,Vanguard U.S. 500 Stock Index Fund EUR Hedged Acc,05/02/2024,05/02/2024,Renta variable,BUY,0.2800,34.9200,0.0000,9.7776,EUR,
153,IE00BYX5MX67,0P0001CLDM.F,FUND,Fidelity S&P 500 Index Fund EUR P Acc,05/02/2024,05/02/2024,Renta variable,BUY,6.1940,11.1389,0.0000,68.9943,EUR,
154,IE00BYWYCC39,0P0001AINL.F,FUND,iShares Emerging Markets Index Fund (IE) D Acc EUR,07/02/2024,07/02/2024,Renta variable,BUY,1.7000,11.7000,0.0000,19.8900,EUR,
155,IE00BYX5N771,0P0001CLDI.F,FUND,Fidelity MSCI Japan Index Fund EUR P Acc,08/02/2024,08/02/2024,Renta variable,BUY,2.1140,7.0900,0.0000,14.9883,EUR,
156,LU2349459045,0P0001NYT8.F,FUND,Goldman Sachs Global Enhanced Index Sustainable Equity - I Cap EUR,09/02/2024,09/02/2024,Renta variable,BUY,0.0050,5421.1400,0.0000,27.1057,EUR,
157,IE0007471471,0P00000W6H.F,FUND,Vanguard U.S. Govt Bd Idx € H Acc,12/02/2024,12/02/2024,Renta fija,BUY,0.1700,86.5331,0.0000,14.7106,EUR,
158,IE00B246KL88,0P0000CV2T.F,FUND,Vanguard 20+ Year Euro Treasury Index Fund EUR Acc,12/02/2024,12/02/2024,Renta fija,BUY,0.0600,151.6200,0.0000,9.0972,EUR,
159,IE00BYX5MD61,0P0001CJGN.F,FUND,Fidelity MSCI Europe Index Fund EUR P Acc,12/02/2024,12/02/2024,Renta variable,BUY,2.6230,7.6200,0.0000,19.9873,EUR,
160,IE00BDZVHT63,0P0001COSJ,FUND,Fidelity MSCI Pacific ex Japan Index Fund USD P Acc,12/02/2024,12/02/2024,Renta variable,BUY,0.5320,5.6300,0.0000,2.9952,USD,
161,IE00B1G3DH73,0P00006TV8.F,FUND,Vanguard U.S. 500 Stock Index Fund EUR Hedged Acc,12/02/2024,12/02/2024,Renta variable,BUY,0.2800,35.4800,0.0000,9.9344,EUR,
162,IE00BYX5MX67,0P0001CLDM.F,FUND,Fidelity S&P 500 Index Fund EUR P Acc,12/02/2024,12/02/2024,Renta variable,BUY,6.1190,11.2800,0.0000,69.0223,EUR,
163,IE00BYWYCC39,0P0001AINL.F,FUND,iShares Emerging Markets Index Fund (IE) D Acc EUR,14/02/2024,14/02/2024,Renta variable,BUY,1.6900,11.8200,0.0000,19.9758,EUR,
164,IE00BYX5N771,0P0001CLDI.F,FUND,Fidelity MSCI Japan Index Fund EUR P Acc,15/02/2024,15/02/2024,Renta variable,BUY,2.0650,7.2600,0.0000,14.9919,EUR,
165,LU2349459045,0P0001NYT8.F,FUND,Goldman Sachs Global Enhanced Index Sustainable Equity - I Cap EUR,16/02/2024,16/02/2024,Renta variable,BUY,0.0050,5425.2200,0.0000,27.1261,EUR,
166,IE0007471471,0P00000W6H.F,FUND,Vanguard U.S. Govt Bd Idx € H Acc,19/02/2024,19/02/2024,Renta fija,BUY,0.1700,86.0800,0.0000,14.6336,EUR,
167,IE00B246KL88,0P0000CV2T.F,FUND,Vanguard 20+ Year Euro Treasury Index Fund EUR Acc,19/02/2024,19/02/2024,Renta fija,BUY,0.0600,152.1800,0.0000,9.1308,EUR,
168,IE00BYX5MD61,0P0001CJGN.F,FUND,Fidelity MSCI Europe Index Fund EUR P Acc,19/02/2024,19/02/2024,Renta variable,BUY,2.5950,7.7100,0.0000,20.0075,EUR,
169,IE00BDZVHT63,0P0001COSJ,FUND,Fidelity MSCI Pacific ex Japan Index Fund USD P Acc,19/02/2024,19/02/2024,Renta variable,BUY,0.5180,5.7800,0.0000,2.9940,USD,
170,IE00B1G3DH73,0P00006TV8.F,FUND,Vanguard U.S. 500 Stock Index Fund EUR Hedged Acc,19/02/2024,19/02/2024,Renta variable,BUY,0.2800,35.1500,0.0000,9.8420,EUR,
171,IE00BYX5MX67,0P0001CLDM.F,FUND,Fidelity S&P 500 Index Fund EUR P Acc,19/02/2024,19/02/2024,Renta variable,BUY,6.2050,11.1200,0.0000,68.9996,EUR,
172,IE00BYWYCC39,0P0001AINL.F,FUND,iShares Emerging Markets Index Fund (IE) D Acc EUR,21/02/2024,21/02/2024,Renta variable,BUY,1.6600,12.0196,0.0000,19.9525,EUR,
173,IE00BYX5N771,0P0001CLDI.F,FUND,Fidelity MSCI Japan Index Fund EUR P Acc,22/02/2024,22/02/2024,Renta variable,BUY,2.0480,7.3235,0.0000,14.9985,EUR,
174,LU2349459045,0P0001NYT8.F,FUND,Goldman Sachs Global Enhanced Index Sustainable Equity - I Cap EUR,23/02/2024,23/02/2024,Renta variable,BUY,0.0050,5483.9400,0.0000,27.4197,EUR,
175,ES0115086029,0P0001JGVD.F,FUND,BANKINTER PLATEA DINAMICO - R,26/02/2024,26/02/2024,Renta variable,BUY,1.2482,120.1692,0.0000,150.0000,EUR,
176,IE0007471471,0P00000W6H.F,FUND,Vanguard U.S. Govt Bd Idx € H Acc,26/02/2024,26/02/2024,Renta fija,BUY,0.1700,86.0744,0.0000,14.6326,EUR,
177,IE00BYX5MD61,0P0001CJGN.F,FUND,Fidelity MSCI Europe Index Fund EUR P Acc,26/02/2024,26/02/2024,Renta variable,BUY,2.5830,7.7412,0.0000,19.9955,EUR,
178,IE00B246KL88,0P0000CV2T.F,FUND,Vanguard 20+ Year Euro Treasury Index Fund EUR Acc,26/02/2024,26/02/2024,Renta fija,BUY,0.0600,152.5590,0.0000,9.1535,EUR,
179,IE00BDZVHT63,0P0001COSJ,FUND,Fidelity MSCI Pacific ex Japan Index Fund USD P Acc,26/02/2024,26/02/2024,Renta variable,BUY,0.5180,5.7903,0.0000,2.9994,USD,
180,IE00B1G3DH73,0P00006TV8.F,FUND,Vanguard U.S. 500 Stock Index Fund EUR Hedged Acc,26/02/2024,26/02/2024,Renta variable,BUY,0.2700,35.8135,0.0000,9.6696,EUR,
181,IE00BYX5MX67,0P0001CLDM.F,FUND,Fidelity S&P 500 Index Fund EUR P Acc,26/02/2024,26/02/2024,Renta variable,BUY,6.1050,11.3009,0.0000,68.9920,EUR,
182,IE00BYWYCC39,0P0001AINL.F,FUND,iShares Emerging Markets Index Fund (IE) D Acc EUR,28/02/2024,28/02/2024,Renta variable,BUY,1.6700,11.9200,0.0000,19.9064,EUR,
183,IE00BYX5N771,0P0001CLDI.F,FUND,Fidelity MSCI Japan Index Fund EUR P Acc,29/02/2024,29/02/2024,Renta variable,BUY,2.0060,7.4700,0.0000,14.9848,EUR,
184,LU2349459045,0P0001NYT8.F,FUND,Goldman Sachs Global Enhanced Index Sustainable Equity - I Cap EUR,01/03/2024,01/03/2024,Renta variable,BUY,0.0050,5516.4400,0.0000,27.5822,EUR,
185,IE00B1G3DH73,0P00006TV8.F,FUND,Vanguard U.S. 500 Stock Index Fund EUR Hedged Acc,04/03/2024,04/03/2024,Renta variable,BUY,0.2700,36.2520,0.0000,9.7880,EUR,
186,IE0007471471,0P00000W6H.F,FUND,Vanguard U.S. Govt Bd Idx € H Acc,04/03/2024,04/03/2024,Renta fija,BUY,0.1700,86.4764,0.0000,14.7010,EUR,
187,IE00BYX5MD61,0P0001CJGN.F,FUND,Fidelity MSCI Europe Index Fund EUR P Acc,04/03/2024,04/03/2024,Renta variable,BUY,2.5720,7.7739,0.0000,19.9945,EUR,
188,IE00BYX5MX67,0P0001CLDM.F,FUND,Fidelity S&P 500 Index Fund EUR P Acc,04/03/2024,04/03/2024,Renta variable,BUY,6.0370,11.4282,0.0000,68.9920,EUR,
189,IE00B246KL88,0P0000CV2T.F,FUND,Vanguard 20+ Year Euro Treasury Index Fund EUR Acc,04/03/2024,04/03/2024,Renta fija,BUY,0.0600,153.3106,0.0000,9.1986,EUR,
190,IE00BDZVHT63,0P0001COSJ,FUND,Fidelity MSCI Pacific ex Japan Index Fund USD P Acc,04/03/2024,04/03/2024,Renta variable,BUY,0.5200,5.7651,0.0000,2.9979,USD,
191,IE00BYWYCC39,0P0001AINL.F,FUND,iShares Emerging Markets Index Fund (IE) D Acc EUR,06/03/2024,06/03/2024,Renta variable,BUY,1.6700,11.9140,0.0000,19.8964,EUR,
192,IE00BYX5N771,0P0001CLDI.F,FUND,Fidelity MSCI Japan Index Fund EUR P Acc,07/03/2024,07/03/2024,Renta variable,BUY,1.9790,7.5768,0.0000,14.9945,EUR,
193,LU2349459045,0P0001NYT8.F,FUND,Goldman Sachs Global Enhanced Index Sustainable Equity - I Cap EUR,08/03/2024,08/03/2024,Renta variable,BUY,0.0050,5476.3700,0.0000,27.3819,EUR,
194,IE00B1G3DH73,0P00006TV8.F,FUND,Vanguard U.S. 500 Stock Index Fund EUR Hedged Acc,11/03/2024,11/03/2024,Renta variable,BUY,0.2700,36.1544,0.0000,9.7617,EUR,
195,IE0007471471,0P00000W6H.F,FUND,Vanguard U.S. Govt Bd Idx € H Acc,11/03/2024,11/03/2024,Renta fija,BUY,0.1700,87.0561,0.0000,14.7995,EUR,
196,IE00B246KL88,0P0000CV2T.F,FUND,Vanguard 20+ Year Euro Treasury Index Fund EUR Acc,11/03/2024,11/03/2024,Renta fija,BUY,0.0600,156.4330,0.0000,9.3860,EUR,
197,IE00BYX5MX67,0P0001CLDM.F,FUND,Fidelity S&P 500 Index Fund EUR P Acc,11/03/2024,11/03/2024,Renta variable,BUY,6.0870,11.3350,0.0000,68.9961,EUR,
198,IE00BYX5MD61,0P0001CJGN.F,FUND,Fidelity MSCI Europe Index Fund EUR P Acc,11/03/2024,11/03/2024,Renta variable,BUY,2.5480,7.8476,0.0000,19.9957,EUR,
199,IE00BDZVHT63,0P0001COSJ,FUND,Fidelity MSCI Pacific ex Japan Index Fund USD P Acc,11/03/2024,11/03/2024,Renta variable,BUY,0.5090,5.8898,0.0000,2.9979,USD,
200,IE00BYWYCC39,0P0001AINL.F,FUND,iShares Emerging Markets Index Fund (IE) D Acc EUR,13/03/2024,13/03/2024,Renta variable,BUY,1.6300,12.1999,0.0000,19.8858,EUR,
201,IE00BYX5N771,0P0001CLDI.F,FUND,Fidelity MSCI Japan Index Fund EUR P Acc,15/03/2024,15/03/2024,Renta variable,BUY,2.0420,7.3444,0.0000,14.9973,EUR,
202,LU2349459045,0P0001NYT8.F,FUND,Goldman Sachs Global Enhanced Index Sustainable Equity - I Cap EUR,15/03/2024,15/03/2024,Renta variable,BUY,0.0050,5481.5900,0.0000,27.4080,EUR,
203,IE00B246KL88,0P0000CV2T.F,FUND,Vanguard 20+ Year Euro Treasury Index Fund EUR Acc,18/03/2024,18/03/2024,Renta fija,BUY,0.0600,152.9030,0.0000,9.1742,EUR,
204,IE0007471471,0P00000W6H.F,FUND,Vanguard U.S. Govt Bd Idx € H Acc,18/03/2024,18/03/2024,Renta fija,BUY,0.1700,85.9557,0.0000,14.6125,EUR,
205,IE00B1G3DH73,0P00006TV8.F,FUND,Vanguard U.S. 500 Stock Index Fund EUR Hedged Acc,18/03/2024,18/03/2024,Renta variable,BUY,0.2700,36.3699,0.0000,9.8199,EUR,
206,IE00BYX5MX67,0P0001CLDM.F,FUND,Fidelity S&P 500 Index Fund EUR P Acc,18/03/2024,18/03/2024,Renta variable,BUY,6.0250,11.4514,0.0000,68.9947,EUR,
207,IE00BYX5MD61,0P0001CJGN.F,FUND,Fidelity MSCI Europe Index Fund EUR P Acc,18/03/2024,18/03/2024,Renta variable,BUY,2.5340,7.8906,0.0000,19.9948,EUR,
208,IE00BDZVHT63,0P0001COSJ,FUND,Fidelity MSCI Pacific ex Japan Index Fund USD P Acc,19/03/2024,19/03/2024,Renta variable,BUY,0.5180,5.7853,0.0000,2.9968,USD,
209,IE00BYWYCC39,0P0001AINL.F,FUND,iShares Emerging Markets Index Fund (IE) D Acc EUR,21/03/2024,21/03/2024,Renta variable,BUY,1.6300,12.2347,0.0000,19.9426,EUR,
210,IE00BYX5N771,0P0001CLDI.F,FUND,Fidelity MSCI Japan Index Fund EUR P Acc,22/03/2024,22/03/2024,Renta variable,BUY,1.9470,7.7010,0.0000,14.9938,EUR,
211,LU2349459045,0P0001NYT8.F,FUND,Goldman Sachs Global Enhanced Index Sustainable Equity - I Cap EUR,22/03/2024,22/03/2024,Renta variable,BUY,0.0040,5623.6700,0.0000,22.4947,EUR,
212,ES0115086029,0P0001JGVD.F,FUND,BANKINTER PLATEA DINAMICO - R,25/03/2024,25/03/2024,Renta variable,BUY,1.2275,122.2026,0.0000,150.0000,EUR,
213,IE0007471471,0P00000W6H.F,FUND,Vanguard U.S. Govt Bd Idx € H Acc,25/03/2024,25/03/2024,Renta fija,BUY,0.1700,86.4297,0.0000,14.6930,EUR,
214,IE00B246KL88,0P0000CV2T.F,FUND,Vanguard 20+ Year Euro Treasury Index Fund EUR Acc,25/03/2024,25/03/2024,Renta fija,BUY,0.0600,154.2939,0.0000,9.2576,EUR,
215,IE00B1G3DH73,0P00006TV8.F,FUND,Vanguard U.S. 500 Stock Index Fund EUR Hedged Acc,25/03/2024,25/03/2024,Renta variable,BUY,0.2700,36.8458,0.0000,9.9484,EUR,
216,IE00BYX5MD61,0P0001CJGN.F,FUND,Fidelity MSCI Europe Index Fund EUR P Acc,25/03/2024,25/03/2024,Renta variable,BUY,2.4970,8.0086,0.0000,19.9975,EUR,
217,IE00BYX5MX67,0P0001CLDM.F,FUND,Fidelity S&P 500 Index Fund EUR P Acc,25/03/2024,25/03/2024,Renta variable,BUY,5.9180,11.6578,0.0000,68.9909,EUR,
218,IE00BDZVHT63,0P0001COSJ,FUND,Fidelity MSCI Pacific ex Japan Index Fund USD P Acc,26/03/2024,26/03/2024,Renta variable,BUY,0.5140,5.8290,0.0000,2.9961,USD,
222,IE00BYWYCC39,0P0001AINL.F,FUND,iShares Emerging Markets Index Fund (IE) D Acc EUR,28/03/2024,28/03/2024,Renta variable,BUY,1.6300,12.2190,0.0000,19.9170,EUR,
219,IE0007471471,0P00000W6H.F,FUND,Vanguard U.S. Govt Bd Idx € H Acc,01/04/2024,01/04/2024,Renta fija,BUY,0.1700,86.0936,0.0000,14.6359,EUR,
220,IE00BYX5MX67,0P0001CLDM.F,FUND,Fidelity S&P 500 Index Fund EUR P Acc,01/04/2024,01/04/2024,Renta variable,BUY,5.8380,11.8176,0.0000,68.9911,EUR,
221,IE00BYX5N771,0P0001CLDI.F,FUND,Fidelity MSCI Japan Index Fund EUR P Acc,01/04/2024,01/04/2024,Renta variable,BUY,1.9920,7.5282,0.0000,14.9962,EUR,
223,IE00BDZVHT63,0P0001COSJ,FUND,Fidelity MSCI Pacific ex Japan Index Fund USD P Acc,02/04/2024,02/04/2024,Renta variable,BUY,0.5100,5.8709,0.0000,2.9942,USD,
224,LU2349459045,0P0001NYT8.F,FUND,Goldman Sachs Global Enhanced Index Sustainable Equity - I Cap EUR,02/04/2024,02/04/2024,Renta variable,BUY,0.0040,5604.2800,0.0000,22.4171,EUR,
225,IE00BYWYCC39,0P0001AINL.F,FUND,iShares Emerging Markets Index Fund (IE) D Acc EUR,05/04/2024,05/04/2024,Renta variable,BUY,1.6300,12.2655,0.0000,19.9928,EUR,
226,LU2349459045,0P0001NYT8.F,FUND,Goldman Sachs Global Enhanced Index Sustainable Equity - I Cap EUR,05/04/2024,05/04/2024,Renta variable,BUY,0.0050,5571.2800,0.0000,27.8564,EUR,
232,IE00BYX5N771,0P0001CLDI.F,FUND,Fidelity MSCI Japan Index Fund EUR P Acc,05/04/2024,05/04/2024,Renta variable,BUY,2.0200,7.4232,0.0000,14.9949,EUR,
227,IE00B1G3DH73,0P00006TV8.F,FUND,Vanguard U.S. 500 Stock Index Fund EUR Hedged Acc,08/04/2024,08/04/2024,Renta variable,BUY,0.2700,36.7247,0.0000,9.9157,EUR,
228,IE00B246KL88,0P0000CV2T.F,FUND,Vanguard 20+ Year Euro Treasury Index Fund EUR Acc,08/04/2024,08/04/2024,Renta fija,BUY,0.0600,152.3061,0.0000,9.1384,EUR,
229,IE0007471471,0P00000W6H.F,FUND,Vanguard U.S. Govt Bd Idx € H Acc,08/04/2024,08/04/2024,Renta fija,BUY,0.1700,85.7093,0.0000,14.5706,EUR,
230,IE00BYX5MX67,0P0001CLDM.F,FUND,Fidelity S&P 500 Index Fund EUR P Acc,08/04/2024,08/04/2024,Renta variable,BUY,5.9430,11.6087,0.0000,68.9905,EUR,
231,IE00BYX5MD61,0P0001CJGN.F,FUND,Fidelity MSCI Europe Index Fund EUR P Acc,08/04/2024,08/04/2024,Renta variable,BUY,2.5010,7.9940,0.0000,19.9930,EUR,
233,IE00BDZVHT63,0P0001COSJ,FUND,Fidelity MSCI Pacific ex Japan Index Fund USD P Acc,09/04/2024,09/04/2024,Renta variable,BUY,0.5080,5.8999,0.0000,2.9971,USD,
234,IE00BYX5MD61,0P0001CJGN.F,FUND,Fidelity MSCI Europe Index Fund EUR P Acc,10/04/2024,10/04/2024,Renta variable,BUY,2.5120,7.9589,0.0000,19.9928,EUR,
235,IE00BYWYCC39,0P0001AINL.F,FUND,iShares Emerging Markets Index Fund (IE) D Acc EUR,11/04/2024,11/04/2024,Renta variable,BUY,1.5900,12.5090,0.0000,19.8893,EUR,
236,IE00BYX5N771,0P0001CLDI.F,FUND,Fidelity MSCI Japan Index Fund EUR P Acc,12/04/2024,12/04/2024,Renta variable,BUY,1.9650,7.6327,0.0000,14.9983,EUR,
242,LU2349459045,0P0001NYT8.F,FUND,Goldman Sachs Global Enhanced Index Sustainable Equity - I Cap EUR,12/04/2024,12/04/2024,Renta variable,BUY,0.0050,5576.6700,0.0000,27.8834,EUR,
237,IE0007471471,0P00000W6H.F,FUND,Vanguard U.S. Govt Bd Idx € H Acc,15/04/2024,15/04/2024,Renta fija,BUY,0.1700,84.8113,0.0000,14.4179,EUR,
238,IE00B246KL88,0P0000CV2T.F,FUND,Vanguard 20+ Year Euro Treasury Index Fund EUR Acc,15/04/2024,15/04/2024,Renta fija,BUY,0.0600,152.4660,0.0000,9.1480,EUR,
239,IE00B1G3DH73,0P00006TV8.F,FUND,Vanguard U.S. 500 Stock Index Fund EUR Hedged Acc,15/04/2024,15/04/2024,Renta variable,BUY,0.2800,35.7097,0.0000,9.9987,EUR,
240,IE00BYX5MX67,0P0001CLDM.F,FUND,Fidelity S&P 500 Index Fund EUR P Acc,15/04/2024,15/04/2024,Renta variable,BUY,5.9800,11.5378,0.0000,68.9960,EUR,
241,IE00BYX5MD61,0P0001CJGN.F,FUND,Fidelity MSCI Europe Index Fund EUR P Acc,15/04/2024,15/04/2024,Renta variable,BUY,2.5170,7.9458,0.0000,19.9996,EUR,
243,IE00BDZVHT63,0P0001COSJ,FUND,Fidelity MSCI Pacific ex Japan Index Fund USD P Acc,16/04/2024,16/04/2024,Renta variable,BUY,0.5390,5.5642,0.0000,2.9991,USD,
244,IE00BYWYCC39,0P0001AINL.F,FUND,iShares Emerging Markets Index Fund (IE) D Acc EUR,18/04/2024,18/04/2024,Renta variable,BUY,1.6400,12.1250,0.0000,19.8850,EUR,
245,IE00BYX5N771,0P0001CLDI.F,FUND,Fidelity MSCI Japan Index Fund EUR P Acc,19/04/2024,19/04/2024,Renta variable,BUY,2.0980,7.1474,0.0000,14.9952,EUR,
246,LU2349459045,0P0001NYT8.F,FUND,Goldman Sachs Global Enhanced Index Sustainable Equity - I Cap EUR,19/04/2024,19/04/2024,Renta variable,BUY,0.0050,5411.5900,0.0000,27.0580,EUR,
247,IE00B1G3DH73,0P00006TV8.F,FUND,Vanguard U.S. 500 Stock Index Fund EUR Hedged Acc,22/04/2024,22/04/2024,Renta variable,BUY,0.2800,35.3357,0.0000,9.8940,EUR,
248,IE0007471471,0P00000W6H.F,FUND,Vanguard U.S. Govt Bd Idx € H Acc,22/04/2024,22/04/2024,Renta fija,BUY,0.1700,84.8312,0.0000,14.4213,EUR,
249,IE00B246KL88,0P0000CV2T.F,FUND,Vanguard 20+ Year Euro Treasury Index Fund EUR Acc,22/04/2024,22/04/2024,Renta fija,BUY,0.0600,151.2925,0.0000,9.0776,EUR,
250,IE00BYX5MD61,0P0001CJGN.F,FUND,Fidelity MSCI Europe Index Fund EUR P Acc,22/04/2024,22/04/2024,Renta variable,BUY,2.5300,7.9028,0.0000,19.9941,EUR,
251,IE00BYX5MX67,0P0001CLDM.F,FUND,Fidelity S&P 500 Index Fund EUR P Acc,22/04/2024,22/04/2024,Renta variable,BUY,6.0510,11.4030,0.0000,68.9996,EUR,
252,IE00BDZVHT63,0P0001COSJ,FUND,Fidelity MSCI Pacific ex Japan Index Fund USD P Acc,23/04/2024,23/04/2024,Renta variable,BUY,0.5250,5.7111,0.0000,2.9983,USD,
253,ES0115086029,0P0001JGVD.F,FUND,BANKINTER PLATEA DINAMICO - R,24/04/2024,24/04/2024,Renta variable,BUY,1.2407,120.9024,0.0000,150.0000,EUR,
258,IE00BYWYCC39,0P0001AINL.F,FUND,iShares Emerging Markets Index Fund (IE) D Acc EUR,24/04/2024,24/04/2024,Renta variable,BUY,1.6300,12.1966,0.0000,19.8805,EUR,
254,IE00B1G3DH73,0P00006TV8.F,FUND,Vanguard U.S. 500 Stock Index Fund EUR Hedged Acc,25/04/2024,25/04/2024,Renta variable,BUY,1.2200,35.5972,0.0000,43.4286,EUR,
255,IE00BYX5MX67,0P0001CLDM.F,FUND,Fidelity S&P 500 Index Fund EUR P Acc,25/04/2024,25/04/2024,Renta variable,BUY,4.8500,11.4165,0.0000,55.3700,EUR,
256,IE00BYX5MD61,0P0001CJGN.F,FUND,Fidelity MSCI Europe Index Fund EUR P Acc,25/04/2024,25/04/2024,Renta variable,BUY,4.7230,7.9158,0.0000,37.3863,EUR,
257,LU2349459045,0P0001NYT8.F,FUND,Goldman Sachs Global Enhanced Index Sustainable Equity - I Cap EUR,25/04/2024,25/04/2024,Renta variable,BUY,0.0090,5473.6100,0.0000,49.2625,EUR,
259,IE00BDZVHT63,0P0001COSJ,FUND,Fidelity MSCI Pacific ex Japan Index Fund USD P Acc,25/04/2024,25/04/2024,Renta variable,BUY,1.1270,5.7377,0.0000,6.4664,USD,
260,IE00BYX5N771,0P0001CLDI.F,FUND,Fidelity MSCI Japan Index Fund EUR P Acc,25/04/2024,25/04/2024,Renta variable,BUY,6.6230,7.1862,0.0000,47.5942,EUR,
263,IE00BYWYCC39,0P0001AINL.F,FUND,iShares Emerging Markets Index Fund (IE) D Acc EUR,25/04/2024,25/04/2024,Renta variable,BUY,2.2800,12.3828,0.0000,28.2328,EUR,
261,IE00BYX5N771,0P0001CLDI.F,FUND,Fidelity MSCI Japan Index Fund EUR P Acc,26/04/2024,26/04/2024,Renta variable,BUY,2.0870,7.1862,0.0000,14.9976,EUR,
262,LU2349459045,0P0001NYT8.F,FUND,Goldman Sachs Global Enhanced Index Sustainable Equity - I Cap EUR,26/04/2024,26/04/2024,Renta variable,BUY,0.0050,5553.2000,0.0000,27.7660,EUR,
264,IE00B246KL88,0P0000CV2T.F,FUND,Vanguard 20+ Year Euro Treasury Index Fund EUR Acc,29/04/2024,29/04/2024,Renta fija,BUY,0.0600,151.1822,0.0000,9.0709,EUR,
265,IE00B1G3DH73,0P00006TV8.F,FUND,Vanguard U.S. 500 Stock Index Fund EUR Hedged Acc,29/04/2024,29/04/2024,Renta variable,BUY,0.2700,36.0775,0.0000,9.7409,EUR,
266,IE0007471471,0P00000W6H.F,FUND,Vanguard U.S. Govt Bd Idx € H Acc,29/04/2024,29/04/2024,Renta fija,BUY,0.1700,84.8784,0.0000,14.4293,EUR,
267,IE00BYX5MD61,0P0001CJGN.F,FUND,Fidelity MSCI Europe Index Fund EUR P Acc,29/04/2024,29/04/2024,Renta variable,BUY,2.4940,8.0161,0.0000,19.9922,EUR,
268,IE00BYX5MX67,0P0001CLDM.F,FUND,Fidelity S&P 500 Index Fund EUR P Acc,29/04/2024,29/04/2024,Renta variable,BUY,5.9630,11.5701,0.0000,68.9925,EUR,
269,IE00BDZVHT63,0P0001COSJ,FUND,Fidelity MSCI Pacific ex Japan Index Fund USD P Acc,30/04/2024,30/04/2024,Renta variable,BUY,0.5180,5.7813,0.0000,2.9947,USD,
270,LU2349459045,0P0001NYT8.F,FUND,Goldman Sachs Global Enhanced Index Sustainable Equity - I Cap EUR,03/05/2024,03/05/2024,Renta variable,BUY,0.0050,5556.7000,0.0000,27.7835,EUR,
271,IE0007471471,0P00000W6H.F,FUND,Vanguard U.S. Govt Bd Idx € H Acc,06/05/2024,06/05/2024,Renta fija,BUY,0.1700,85.5634,0.0000,14.5458,EUR,
272,IE00B246KL88,0P0000CV2T.F,FUND,Vanguard 20+ Year Euro Treasury Index Fund EUR Acc,06/05/2024,06/05/2024,Renta fija,BUY,0.0600,152.2580,0.0000,9.1355,EUR,
273,IE00BYX5MX67,0P0001CLDM.F,FUND,Fidelity S&P 500 Index Fund EUR P Acc,06/05/2024,06/05/2024,Renta variable,BUY,5.9250,11.6440,0.0000,68.9907,EUR,
274,IE00BYX5MD61,0P0001CJGN.F,FUND,Fidelity MSCI Europe Index Fund EUR P Acc,06/05/2024,06/05/2024,Renta variable,BUY,2.4920,8.0250,0.0000,19.9983,EUR,
275,IE00BYWYCC39,0P0001AINL.F,FUND,iShares Emerging Markets Index Fund (IE) D Acc EUR,06/05/2024,06/05/2024,Renta variable,BUY,1.5900,12.5405,0.0000,19.9394,EUR,
276,IE00B1G3DH73,0P00006TV8.F,FUND,Vanguard U.S. 500 Stock Index Fund EUR Hedged Acc,07/05/2024,07/05/2024,Renta variable,BUY,0.2700,36.5681,0.0000,9.8734,EUR,
277,IE00BYX5N771,0P0001CLDI.F,FUND,Fidelity MSCI Japan Index Fund EUR P Acc,07/05/2024,07/05/2024,Renta variable,BUY,2.0190,7.4270,0.0000,14.9951,EUR,
278,IE00BDZVHT63,0P0001COSJ,FUND,Fidelity MSCI Pacific ex Japan Index Fund USD P Acc,07/05/2024,07/05/2024,Renta variable,BUY,0.5000,5.9944,0.0000,2.9972,USD,
279,IE00BYWYCC39,0P0001AINL.F,FUND,iShares Emerging Markets Index Fund (IE) D Acc EUR,09/05/2024,09/05/2024,Renta variable,BUY,1.5900,12.5422,0.0000,19.9421,EUR,
280,IE00BYX5N771,0P0001CLDI.F,FUND,Fidelity MSCI Japan Index Fund EUR P Acc,10/05/2024,10/05/2024,Renta variable,BUY,2.0560,7.2943,0.0000,14.9971,EUR,
281,LU2349459045,0P0001NYT8.F,FUND,Goldman Sachs Global Enhanced Index Sustainable Equity - I Cap EUR,10/05/2024,10/05/2024,Renta variable,BUY,0.0040,5659.5700,0.0000,22.6383,EUR,
282,IE0007471471,0P00000W6H.F,FUND,Vanguard U.S. Govt Bd Idx € H Acc,13/05/2024,13/05/2024,Renta fija,BUY,0.1700,85.5912,0.0000,14.5505,EUR,
283,IE00B246KL88,0P0000CV2T.F,FUND,Vanguard 20+ Year Euro Treasury Index Fund EUR Acc,13/05/2024,13/05/2024,Renta fija,BUY,0.0600,151.1365,0.0000,9.0682,EUR,
284,IE00B1G3DH73,0P00006TV8.F,FUND,Vanguard U.S. 500 Stock Index Fund EUR Hedged Acc,13/05/2024,13/05/2024,Renta variable,BUY,0.2700,36.8062,0.0000,9.9377,EUR,
285,IE00BYX5MD61,0P0001CJGN.F,FUND,Fidelity MSCI Europe Index Fund EUR P Acc,13/05/2024,13/05/2024,Renta variable,BUY,2.4250,8.2471,0.0000,19.9992,EUR,
286,IE00BYX5MX67,0P0001CLDM.F,FUND,Fidelity S&P 500 Index Fund EUR P Acc,13/05/2024,13/05/2024,Renta variable,BUY,5.8900,11.7136,0.0000,68.9931,EUR,
287,IE00BDZVHT63,0P0001COSJ,FUND,Fidelity MSCI Pacific ex Japan Index Fund USD P Acc,14/05/2024,14/05/2024,Renta variable,BUY,0.4980,6.0150,0.0000,2.9955,USD,
288,IE00BYX5N771,0P0001CLDI.F,FUND,Fidelity MSCI Japan Index Fund EUR P Acc,17/05/2024,17/05/2024,Renta variable,BUY,2.0480,7.3225,0.0000,14.9965,EUR,
289,LU2349459045,0P0001NYT8.F,FUND,Goldman Sachs Global Enhanced Index Sustainable Equity - I Cap EUR,17/05/2024,17/05/2024,Renta variable,BUY,0.0040,5695.5200,0.0000,22.7821,EUR,
290,IE00BYWYCC39,0P0001AINL.F,FUND,iShares Emerging Markets Index Fund (IE) D Acc EUR,17/05/2024,17/05/2024,Renta variable,BUY,1.5500,12.8756,0.0000,19.9572,EUR,
291,IE00B1G3DH73,0P00006TV8.F,FUND,Vanguard U.S. 500 Stock Index Fund EUR Hedged Acc,20/05/2024,20/05/2024,Renta variable,BUY,0.2600,37.4131,0.0000,9.7274,EUR,
292,IE0007471471,0P00000W6H.F,FUND,Vanguard U.S. Govt Bd Idx € H Acc,20/05/2024,20/05/2024,Renta fija,BUY,0.1700,85.8417,0.0000,14.5931,EUR,
293,IE00BYX5MX67,0P0001CLDM.F,FUND,Fidelity S&P 500 Index Fund EUR P Acc,20/05/2024,20/05/2024,Renta variable,BUY,5.8240,11.8461,0.0000,68.9917,EUR,
294,IE00BYX5MD61,0P0001CJGN.F,FUND,Fidelity MSCI Europe Index Fund EUR P Acc,20/05/2024,20/05/2024,Renta variable,BUY,2.4060,8.3102,0.0000,19.9943,EUR,
295,IE00B246KL88,0P0000CV2T.F,FUND,Vanguard 20+ Year Euro Treasury Index Fund EUR Acc,21/05/2024,21/05/2024,Renta fija,BUY,0.0600,151.2267,0.0000,9.0736,EUR,
296,IE00BDZVHT63,0P0001COSJ,FUND,Fidelity MSCI Pacific ex Japan Index Fund USD P Acc,21/05/2024,21/05/2024,Renta variable,BUY,0.4890,6.1288,0.0000,2.9970,USD,
297,IE00BYWYCC39,0P0001AINL.F,FUND,iShares Emerging Markets Index Fund (IE) D Acc EUR,23/05/2024,23/05/2024,Renta variable,BUY,1.5500,12.8309,0.0000,19.8879,EUR,
4,ES0115086029,0P0001JGVD.F,FUND,BANKINTER PLATEA DINAMICO - R,24/05/2024,24/05/2024,Renta variable,BUY,1.2138,123.5768,0.0000,150.0000,EUR,
298,IE00BYX5N771,0P0001CLDI.F,FUND,Fidelity MSCI Japan Index Fund EUR P Acc,24/05/2024,24/05/2024,Renta variable,BUY,2.0630,7.2698,0.0000,14.9976,EUR,
299,LU2349459045,0P0001NYT8.F,FUND,Goldman Sachs Global Enhanced Index Sustainable Equity - I Cap EUR,24/05/2024,24/05/2024,Renta variable,BUY,0.0040,5694.5500,0.0000,22.7782,EUR,
300,IE00BYX5MD61,0P0001CJGN.F,FUND,Fidelity MSCI Europe Index Fund EUR P Acc,27/05/2024,27/05/2024,Renta variable,BUY,2.4120,8.2900,0.0000,19.9955,EUR,
301,IE0007471471,0P00000W6H.F,FUND,Vanguard U.S. Govt Bd Idx € H Acc,28/05/2024,28/05/2024,Renta fija,BUY,0.1700,85.4209,0.0000,14.5216,EUR,
302,IE00B1G3DH73,0P00006TV8.F,FUND,Vanguard U.S. 500 Stock Index Fund EUR Hedged Acc,28/05/2024,28/05/2024,Renta variable,BUY,0.2600,37.3880,0.0000,9.7209,EUR,
303,IE00BDZVHT63,0P0001COSJ,FUND,Fidelity MSCI Pacific ex Japan Index Fund USD P Acc,28/05/2024,28/05/2024,Renta variable,BUY,0.4940,6.0617,0.0000,2.9945,USD,
304,IE00BYX5MX67,0P0001CLDM.F,FUND,Fidelity S&P 500 Index Fund EUR P Acc,28/05/2024,28/05/2024,Renta variable,BUY,5.8310,11.8318,0.0000,68.9912,EUR,
305,IE00B246KL88,0P0000CV2T.F,FUND,Vanguard 20+ Year Euro Treasury Index Fund EUR Acc,29/05/2024,29/05/2024,Renta fija,BUY,0.0600,149.6977,0.0000,8.9819,EUR,
306,IE00BYWYCC39,0P0001AINL.F,FUND,iShares Emerging Markets Index Fund (IE) D Acc EUR,30/05/2024,30/05/2024,Renta variable,BUY,1.6000,12.4379,0.0000,19.9006,EUR,
307,IE00BYX5N771,0P0001CLDI.F,FUND,Fidelity MSCI Japan Index Fund EUR P Acc,31/05/2024,31/05/2024,Renta variable,BUY,2.0480,7.3222,0.0000,14.9959,EUR,
308,LU2349459045,0P0001NYT8.F,FUND,Goldman Sachs Global Enhanced Index Sustainable Equity - I Cap EUR,31/05/2024,31/05/2024,Renta variable,BUY,0.0040,5663.4200,0.0000,22.6537,EUR,
309,IE00B1G3DH73,0P00006TV8.F,FUND,Vanguard U.S. 500 Stock Index Fund EUR Hedged Acc,03/06/2024,03/06/2024,Renta variable,BUY,0.2600,37.2290,0.0000,9.6795,EUR,
310,IE0007471471,0P00000W6H.F,FUND,Vanguard U.S. Govt Bd Idx € H Acc,03/06/2024,03/06/2024,Renta fija,BUY,0.1700,86.1228,0.0000,14.6409,EUR,
311,IE00BYX5MD61,0P0001CJGN.F,FUND,Fidelity MSCI Europe Index Fund EUR P Acc,03/06/2024,03/06/2024,Renta variable,BUY,2.4210,8.2603,0.0000,19.9982,EUR,
312,IE00BYX5MX67,0P0001CLDM.F,FUND,Fidelity S&P 500 Index Fund EUR P Acc,03/06/2024,03/06/2024,Renta variable,BUY,5.8530,11.7888,0.0000,68.9998,EUR,
313,IE00B246KL88,0P0000CV2T.F,FUND,Vanguard 20+ Year Euro Treasury Index Fund EUR Acc,03/06/2024,03/06/2024,Renta fija,BUY,0.0600,149.5215,0.0000,8.9713,EUR,
314,IE00BDZVHT63,0P0001COSJ,FUND,Fidelity MSCI Pacific ex Japan Index Fund USD P Acc,04/06/2024,04/06/2024,Renta variable,BUY,0.4980,6.0127,0.0000,2.9943,USD,
315,IE00BYWYCC39,0P0001AINL.F,FUND,iShares Emerging Markets Index Fund (IE) D Acc EUR,06/06/2024,06/06/2024,Renta variable,BUY,1.5800,12.5803,0.0000,19.8769,EUR,
316,IE00BYX5N771,0P0001CLDI.F,FUND,Fidelity MSCI Japan Index Fund EUR P Acc,07/06/2024,07/06/2024,Renta variable,BUY,2.0440,7.3351,0.0000,14.9929,EUR,
317,LU2349459045,0P0001NYT8.F,FUND,Goldman Sachs Global Enhanced Index Sustainable Equity - I Cap EUR,07/06/2024,07/06/2024,Renta variable,BUY,0.0040,5741.0000,0.0000,22.9640,EUR,
318,IE00B1G3DH73,0P00006TV8.F,FUND,Vanguard U.S. 500 Stock Index Fund EUR Hedged Acc,10/06/2024,10/06/2024,Renta variable,BUY,0.2600,37.7781,0.0000,9.8223,EUR,
319,IE00B246KL88,0P0000CV2T.F,FUND,Vanguard 20+ Year Euro Treasury Index Fund EUR Acc,10/06/2024,10/06/2024,Renta fija,BUY,0.0600,146.2793,0.0000,8.7768,EUR,
320,IE0007471471,0P00000W6H.F,FUND,Vanguard U.S. Govt Bd Idx € H Acc,10/06/2024,10/06/2024,Renta fija,BUY,0.1700,85.9002,0.0000,14.6030,EUR,
321,IE00BYX5MD61,0P0001CJGN.F,FUND,Fidelity MSCI Europe Index Fund EUR P Acc,10/06/2024,10/06/2024,Renta variable,BUY,2.4040,8.3183,0.0000,19.9972,EUR,
322,IE00BYX5MX67,0P0001CLDM.F,FUND,Fidelity S&P 500 Index Fund EUR P Acc,10/06/2024,10/06/2024,Renta variable,BUY,5.6950,12.1154,0.0000,68.9972,EUR,
323,IE00BDZVHT63,0P0001COSJ,FUND,Fidelity MSCI Pacific ex Japan Index Fund USD P Acc,11/06/2024,11/06/2024,Renta variable,BUY,0.5020,5.9689,0.0000,2.9964,USD,
324,IE00BYWYCC39,0P0001AINL.F,FUND,iShares Emerging Markets Index Fund (IE) D Acc EUR,13/06/2024,13/06/2024,Renta variable,BUY,1.5600,12.7429,0.0000,19.8789,EUR,
325,IE00BYX5N771,0P0001CLDI.F,FUND,Fidelity MSCI Japan Index Fund EUR P Acc,14/06/2024,14/06/2024,Renta variable,BUY,2.0400,7.3527,0.0000,14.9995,EUR,
326,LU2349459045,0P0001NYT8.F,FUND,Goldman Sachs Global Enhanced Index Sustainable Equity - I Cap EUR,14/06/2024,14/06/2024,Renta variable,BUY,0.0040,5832.7600,0.0000,23.3310,EUR,
327,IE00B1G3DH73,0P00006TV8.F,FUND,Vanguard U.S. 500 Stock Index Fund EUR Hedged Acc,18/06/2024,18/06/2024,Renta variable,BUY,0.2500,38.6732,0.0000,9.6683,EUR,
328,IE00B246KL88,0P0000CV2T.F,FUND,Vanguard 20+ Year Euro Treasury Index Fund EUR Acc,18/06/2024,18/06/2024,Renta fija,BUY,0.0600,151.4521,0.0000,9.0871,EUR,
329,IE0007471471,0P00000W6H.F,FUND,Vanguard U.S. Govt Bd Idx € H Acc,18/06/2024,18/06/2024,Renta fija,BUY,0.1700,87.1421,0.0000,14.8142,EUR,
330,IE00BYX5MD61,0P0001CJGN.F,FUND,Fidelity MSCI Europe Index Fund EUR P Acc,18/06/2024,18/06/2024,Renta variable,BUY,2.4360,8.2074,0.0000,19.9932,EUR,
331,IE00BYX5MX67,0P0001CLDM.F,FUND,Fidelity S&P 500 Index Fund EUR P Acc,18/06/2024,18/06/2024,Renta variable,BUY,5.5640,12.3993,0.0000,68.9897,EUR,
332,IE00BDZVHT63,0P0001COSJ,FUND,Fidelity MSCI Pacific ex Japan Index Fund USD P Acc,19/06/2024,19/06/2024,Renta variable,BUY,0.4970,6.0314,0.0000,2.9976,USD,
333,IE00BYWYCC39,0P0001AINL.F,FUND,iShares Emerging Markets Index Fund (IE) D Acc EUR,20/06/2024,20/06/2024,Renta variable,BUY,1.5300,13.0471,0.0000,19.9621,EUR,
334,IE00BYX5N771,0P0001CLDI.F,FUND,Fidelity MSCI Japan Index Fund EUR P Acc,21/06/2024,21/06/2024,Renta variable,BUY,2.0830,7.1999,0.0000,14.9974,EUR,
335,LU2349459045,0P0001NYT8.F,FUND,Goldman Sachs Global Enhanced Index Sustainable Equity - I Cap EUR,21/06/2024,21/06/2024,Renta variable,BUY,0.0040,5871.1000,0.0000,23.4844,EUR,
5,ES0115086029,0P0001JGVD.F,FUND,BANKINTER PLATEA DINAMICO - R,24/06/2024,24/06/2024,Renta variable,BUY,1.2029,124.6986,0.0000,150.0000,EUR,
336,IE0007471471,0P00000W6H.F,FUND,Vanguard U.S. Govt Bd Idx € H Acc,24/06/2024,24/06/2024,Renta fija,BUY,0.1700,87.0486,0.0000,14.7983,EUR,
337,IE00B1G3DH73,0P00006TV8.F,FUND,Vanguard U.S. 500 Stock Index Fund EUR Hedged Acc,24/06/2024,24/06/2024,Renta variable,BUY,0.2600,38.3902,0.0000,9.9815,EUR,
338,IE00BYX5MD61,0P0001CJGN.F,FUND,Fidelity MSCI Europe Index Fund EUR P Acc,24/06/2024,24/06/2024,Renta variable,BUY,2.4180,8.2698,0.0000,19.9964,EUR,
339,IE00BYX5MX67,0P0001CLDM.F,FUND,Fidelity S&P 500 Index Fund EUR P Acc,24/06/2024,24/06/2024,Renta variable,BUY,5.5990,12.3222,0.0000,68.9920,EUR,
340,IE00B246KL88,0P0000CV2T.F,FUND,Vanguard 20+ Year Euro Treasury Index Fund EUR Acc,24/06/2024,24/06/2024,Renta fija,BUY,0.0600,149.9134,0.0000,8.9948,EUR,
341,IE00BDZVHT63,0P0001COSJ,FUND,Fidelity MSCI Pacific ex Japan Index Fund USD P Acc,25/06/2024,25/06/2024,Renta variable,BUY,0.4980,6.0229,0.0000,2.9994,USD,
342,IE00BYWYCC39,0P0001AINL.F,FUND,iShares Emerging Markets Index Fund (IE) D Acc EUR,27/06/2024,27/06/2024,Renta variable,BUY,1.5500,12.8877,0.0000,19.9759,EUR,
343,IE00BYX5N771,0P0001CLDI.F,FUND,Fidelity MSCI Japan Index Fund EUR P Acc,28/06/2024,28/06/2024,Renta variable,BUY,2.0360,7.3641,0.0000,14.9933,EUR,
344,LU2349459045,0P0001NYT8.F,FUND,Goldman Sachs Global Enhanced Index Sustainable Equity - I Cap EUR,28/06/2024,28/06/2024,Renta variable,BUY,0.0040,5858.0600,0.0000,23.4322,EUR,
345,IE00B246KL88,0P0000CV2T.F,FUND,Vanguard 20+ Year Euro Treasury Index Fund EUR Acc,01/07/2024,01/07/2024,Renta fija,BUY,0.0600,145.3544,0.0000,8.7213,EUR,
346,IE00BYX5MD61,0P0001CJGN.F,FUND,Fidelity MSCI Europe Index Fund EUR P Acc,01/07/2024,01/07/2024,Renta variable,BUY,2.4450,8.1798,0.0000,19.9996,EUR,
347,IE00BYX5MX67,0P0001CLDM.F,FUND,Fidelity S&P 500 Index Fund EUR P Acc,01/07/2024,01/07/2024,Renta variable,BUY,5.5700,12.3856,0.0000,68.9878,EUR,
348,IE00B1G3DH73,0P00006TV8.F,FUND,Vanguard U.S. 500 Stock Index Fund EUR Hedged Acc,02/07/2024,02/07/2024,Renta variable,BUY,0.1800,38.8081,0.0000,6.9855,EUR,
349,IE0007471471,0P00000W6H.F,FUND,Vanguard U.S. Govt Bd Idx € H Acc,02/07/2024,02/07/2024,Renta fija,BUY,0.1300,86.1940,0.0000,11.2052,EUR,
350,IE00BDZVHT63,0P0001COSJ,FUND,Fidelity MSCI Pacific ex Japan Index Fund USD P Acc,03/07/2024,03/07/2024,Renta variable,BUY,0.6620,6.0351,0.0000,3.9952,USD,
351,IE00BYWYCC39,0P0001AINL.F,FUND,iShares Emerging Markets Index Fund (IE) D Acc EUR,04/07/2024,04/07/2024,Renta variable,BUY,1.5200,13.0749,0.0000,19.8738,EUR,
352,IE00B1G3DH73,0P00006TV8.F,FUND,Vanguard U.S. 500 Stock Index Fund EUR Hedged Acc,08/07/2024,08/07/2024,Renta variable,BUY,0.1700,39.2538,0.0000,6.6731,EUR,
353,IE0007471471,0P00000W6H.F,FUND,Vanguard U.S. Govt Bd Idx € H Acc,08/07/2024,08/07/2024,Renta fija,BUY,0.1300,86.9753,0.0000,11.3068,EUR,
354,IE00B246KL88,0P0000CV2T.F,FUND,Vanguard 20+ Year Euro Treasury Index Fund EUR Acc,08/07/2024,08/07/2024,Renta fija,BUY,0.0600,149.4483,0.0000,8.9669,EUR,
355,IE00BYX5N771,0P0001CLDI.F,FUND,Fidelity MSCI Japan Index Fund EUR P Acc,08/07/2024,08/07/2024,Renta variable,BUY,2.6730,7.4822,0.0000,19.9999,EUR,
356,IE00BYX5MD61,0P0001CJGN.F,FUND,Fidelity MSCI Europe Index Fund EUR P Acc,08/07/2024,08/07/2024,Renta variable,BUY,2.4300,8.2290,0.0000,19.9965,EUR,
357,IE00BYX5MX67,0P0001CLDM.F,FUND,Fidelity S&P 500 Index Fund EUR P Acc,08/07/2024,08/07/2024,Renta variable,BUY,5.5260,12.4863,0.0000,68.9993,EUR,
358,IE00BDZVHT63,0P0001COSJ,FUND,Fidelity MSCI Pacific ex Japan Index Fund USD P Acc,09/07/2024,09/07/2024,Renta variable,BUY,0.6580,6.0703,0.0000,3.9943,USD,
359,IE00BYWYCC39,0P0001AINL.F,FUND,iShares Emerging Markets Index Fund (IE) D Acc EUR,11/07/2024,11/07/2024,Renta variable,BUY,1.5000,13.2524,0.0000,19.8786,EUR,
360,IE0007471471,0P00000W6H.F,FUND,Vanguard U.S. Govt Bd Idx € H Acc,15/07/2024,15/07/2024,Renta fija,BUY,0.1300,87.3212,0.0000,11.3518,EUR,
361,IE00B1G3DH73,0P00006TV8.F,FUND,Vanguard U.S. 500 Stock Index Fund EUR Hedged Acc,15/07/2024,15/07/2024,Renta variable,BUY,0.1700,39.6468,0.0000,6.7400,EUR,
362,IE00BYX5MD61,0P0001CJGN.F,FUND,Fidelity MSCI Europe Index Fund EUR P Acc,15/07/2024,15/07/2024,Renta variable,BUY,2.4200,8.2628,0.0000,19.9960,EUR,
363,IE00BYX5MX67,0P0001CLDM.F,FUND,Fidelity S&P 500 Index Fund EUR P Acc,15/07/2024,15/07/2024,Renta variable,BUY,5.5090,12.5242,0.0000,68.9958,EUR,
364,IE00B246KL88,0P0000CV2T.F,FUND,Vanguard 20+ Year Euro Treasury Index Fund EUR Acc,15/07/2024,15/07/2024,Renta fija,BUY,0.0600,150.5567,0.0000,9.0334,EUR,
365,IE00BDZVHT63,0P0001COSJ,FUND,Fidelity MSCI Pacific ex Japan Index Fund USD P Acc,16/07/2024,16/07/2024,Renta variable,BUY,0.6450,6.1970,0.0000,3.9971,USD,
366,IE00BYX5N771,0P0001CLDI.F,FUND,Fidelity MSCI Japan Index Fund EUR P Acc,16/07/2024,16/07/2024,Renta variable,BUY,2.6200,7.6308,0.0000,19.9927,EUR,
367,IE00BYWYCC39,0P0001AINL.F,FUND,iShares Emerging Markets Index Fund (IE) D Acc EUR,18/07/2024,18/07/2024,Renta variable,BUY,1.5400,12.9737,0.0000,19.9795,EUR,
368,IE00B246KL88,0P0000CV2T.F,FUND,Vanguard 20+ Year Euro Treasury Index Fund EUR Acc,22/07/2024,22/07/2024,Renta fija,BUY,0.0600,150.1863,0.0000,9.0112,EUR,
369,IE0007471471,0P00000W6H.F,FUND,Vanguard U.S. Govt Bd Idx € H Acc,22/07/2024,22/07/2024,Renta fija,BUY,0.1300,87.1864,0.0000,11.3342,EUR,
370,IE00B1G3DH73,0P00006TV8.F,FUND,Vanguard U.S. 500 Stock Index Fund EUR Hedged Acc,22/07/2024,22/07/2024,Renta variable,BUY,0.1700,39.1716,0.0000,6.6592,EUR,
371,IE00BYX5N771,0P0001CLDI.F,FUND,Fidelity MSCI Japan Index Fund EUR P Acc,22/07/2024,22/07/2024,Renta variable,BUY,2.6740,7.4771,0.0000,19.9938,EUR,
372,IE00BYX5MD61,0P0001CJGN.F,FUND,Fidelity MSCI Europe Index Fund EUR P Acc,22/07/2024,22/07/2024,Renta variable,BUY,2.4390,8.1968,0.0000,19.9920,EUR,
373,IE00BYX5MX67,0P0001CLDM.F,FUND,Fidelity S&P 500 Index Fund EUR P Acc,22/07/2024,22/07/2024,Renta variable,BUY,5.5580,12.4131,0.0000,68.9920,EUR,
374,IE00BDZVHT63,0P0001COSJ,FUND,Fidelity MSCI Pacific ex Japan Index Fund USD P Acc,22/07/2024,22/07/2024,Renta variable,BUY,0.6560,6.0943,0.0000,3.9979,USD,
375,IE00BYWYCC39,0P0001AINL.F,FUND,iShares Emerging Markets Index Fund (IE) D Acc EUR,22/07/2024,22/07/2024,Renta variable,BUY,1.5600,12.7855,0.0000,19.9454,EUR,
376,LU2349459045,0P0001NYT8.F,FUND,Goldman Sachs Global Enhanced Index Sustainable Equity - I Cap EUR,22/07/2024,22/07/2024,Renta variable,BUY,0.0040,5911.5300,0.0000,23.6461,EUR,
377,LU2349459045,0P0001NYT8.F,FUND,Goldman Sachs Global Enhanced Index Sustainable Equity - I Cap EUR,23/07/2024,23/07/2024,Renta variable,BUY,0.0160,5929.1400,0.0000,94.8662,EUR,
6,ES0115086029,0P0001JGVD.F,FUND,BANKINTER PLATEA DINAMICO - R,24/07/2024,24/07/2024,Renta variable,BUY,1.2061,124.3688,0.0000,150.0000,EUR,
378,IE00BYX5N771,0P0001CLDI.F,FUND,Fidelity MSCI Japan Index Fund EUR P Acc,24/07/2024,24/07/2024,Renta variable,BUY,19.7970,7.5768,0.0000,149.9979,EUR,
379,IE00BDZVHT63,0P0001COSJ,FUND,Fidelity MSCI Pacific ex Japan Index Fund USD P Acc,24/07/2024,24/07/2024,Renta variable,BUY,8.2330,6.0727,0.0000,49.9965,USD,
380,IE00BYX5MX67,0P0001CLDM.F,FUND,Fidelity S&P 500 Index Fund EUR P Acc,25/07/2024,25/07/2024,Renta variable,BUY,16.5590,12.0774,0.0000,199.9897,EUR,
381,IE00B1G3DH73,0P00006TV8.F,FUND,Vanguard U.S. 500 Stock Index Fund EUR Hedged Acc,29/07/2024,29/07/2024,Renta variable,BUY,0.1800,38.4562,0.0000,6.9221,EUR,
382,IE0007471471,0P00000W6H.F,FUND,Vanguard U.S. Govt Bd Idx € H Acc,29/07/2024,29/07/2024,Renta fija,BUY,0.1300,87.6167,0.0000,11.3902,EUR,
383,IE00BYX5MD61,0P0001CJGN.F,FUND,Fidelity MSCI Europe Index Fund EUR P Acc,29/07/2024,29/07/2024,Renta variable,BUY,2.4540,8.1487,0.0000,19.9969,EUR,
384,IE00BDZVHT63,0P0001COSJ,FUND,Fidelity MSCI Pacific ex Japan Index Fund USD P Acc,29/07/2024,29/07/2024,Renta variable,BUY,0.6610,6.0449,0.0000,3.9957,USD,
385,IE00BYX5MX67,0P0001CLDM.F,FUND,Fidelity S&P 500 Index Fund EUR P Acc,29/07/2024,29/07/2024,Renta variable,BUY,5.6250,12.2665,0.0000,68.9991,EUR,
386,IE00BYX5N771,0P0001CLDI.F,FUND,Fidelity MSCI Japan Index Fund EUR P Acc,29/07/2024,29/07/2024,Renta variable,BUY,2.6860,7.4440,0.0000,19.9946,EUR,
387,IE00B246KL88,0P0000CV2T.F,FUND,Vanguard 20+ Year Euro Treasury Index Fund EUR Acc,29/07/2024,29/07/2024,Renta fija,BUY,0.0600,152.1838,0.0000,9.1310,EUR,
388,IE00BYWYCC39,0P0001AINL.F,FUND,iShares Emerging Markets Index Fund (IE) D Acc EUR,29/07/2024,29/07/2024,Renta variable,BUY,1.5600,12.7391,0.0000,19.8730,EUR,
389,LU2349459045,0P0001NYT8.F,FUND,Goldman Sachs Global Enhanced Index Sustainable Equity - I Cap EUR,29/07/2024,29/07/2024,Renta variable,BUY,0.0040,5859.0400,0.0000,23.4362,EUR,
390,IE00BDZVHT63,0P0001COSJ,FUND,Fidelity MSCI Pacific ex Japan Index Fund USD P Acc,05/08/2024,05/08/2024,Renta variable,BUY,0.6920,5.7773,0.0000,3.9979,USD,
391,IE00BYX5N771,0P0001CLDI.F,FUND,Fidelity MSCI Japan Index Fund EUR P Acc,05/08/2024,05/08/2024,Renta variable,BUY,3.1310,6.3868,0.0000,19.9971,EUR,
392,IE00BYX5MX67,0P0001CLDM.F,FUND,Fidelity S&P 500 Index Fund EUR P Acc,06/08/2024,06/08/2024,Renta variable,BUY,5.9280,11.6393,0.0000,68.9978,EUR,
393,IE00B1G3DH73,0P00006TV8.F,FUND,Vanguard U.S. 500 Stock Index Fund EUR Hedged Acc,06/08/2024,06/08/2024,Renta variable,BUY,0.1800,36.8790,0.0000,6.6382,EUR,
394,IE0007471471,0P00000W6H.F,FUND,Vanguard U.S. Govt Bd Idx € H Acc,06/08/2024,06/08/2024,Renta fija,BUY,0.1300,89.1105,0.0000,11.5844,EUR,
395,IE00BYWYCC39,0P0001AINL.F,FUND,iShares Emerging Markets Index Fund (IE) D Acc EUR,06/08/2024,06/08/2024,Renta variable,BUY,1.6500,12.0797,0.0000,19.9315,EUR,
396,LU2349459045,0P0001NYT8.F,FUND,Goldman Sachs Global Enhanced Index Sustainable Equity - I Cap EUR,06/08/2024,06/08/2024,Renta variable,BUY,0.0050,5537.0100,0.0000,27.6851,EUR,
397,IE00B246KL88,0P0000CV2T.F,FUND,Vanguard 20+ Year Euro Treasury Index Fund EUR Acc,07/08/2024,07/08/2024,Renta fija,BUY,0.0600,154.2041,0.0000,9.2522,EUR,
398,IE00BYX5MD61,0P0001CJGN.F,FUND,Fidelity MSCI Europe Index Fund EUR P Acc,07/08/2024,07/08/2024,Renta variable,BUY,2.5300,7.9046,0.0000,19.9986,EUR,
399,IE0007471471,0P00000W6H.F,FUND,Vanguard U.S. Govt Bd Idx € H Acc,12/08/2024,12/08/2024,Renta fija,BUY,0.1300,89.0832,0.0000,11.5808,EUR,
400,IE00B1G3DH73,0P00006TV8.F,FUND,Vanguard U.S. 500 Stock Index Fund EUR Hedged Acc,12/08/2024,12/08/2024,Renta variable,BUY,0.1800,37.6022,0.0000,6.7684,EUR,
401,IE00BYX5MX67,0P0001CLDM.F,FUND,Fidelity S&P 500 Index Fund EUR P Acc,12/08/2024,12/08/2024,Renta variable,BUY,5.8100,11.8756,0.0000,68.9972,EUR,
402,IE00BDZVHT63,0P0001COSJ,FUND,Fidelity MSCI Pacific ex Japan Index Fund USD P Acc,12/08/2024,12/08/2024,Renta variable,BUY,0.6700,5.9618,0.0000,3.9944,USD,
403,IE00BYX5MD61,0P0001CJGN.F,FUND,Fidelity MSCI Europe Index Fund EUR P Acc,12/08/2024,12/08/2024,Renta variable,BUY,2.5130,7.9557,0.0000,19.9927,EUR,
404,LU2349459045,0P0001NYT8.F,FUND,Goldman Sachs Global Enhanced Index Sustainable Equity - I Cap EUR,12/08/2024,12/08/2024,Renta variable,BUY,0.0040,5643.5800,0.0000,22.5743,EUR,
405,IE00BYWYCC39,0P0001AINL.F,FUND,iShares Emerging Markets Index Fund (IE) D Acc EUR,12/08/2024,12/08/2024,Renta variable,BUY,1.5900,12.5387,0.0000,19.9365,EUR,
406,IE00B246KL88,0P0000CV2T.F,FUND,Vanguard 20+ Year Euro Treasury Index Fund EUR Acc,13/08/2024,13/08/2024,Renta fija,BUY,0.0600,156.7397,0.0000,9.4044,EUR,
407,IE00BYX5N771,0P0001CLDI.F,FUND,Fidelity MSCI Japan Index Fund EUR P Acc,13/08/2024,13/08/2024,Renta variable,BUY,2.7970,7.1484,0.0000,19.9941,EUR,
408,IE00B1G3DH73,0P00006TV8.F,FUND,Vanguard U.S. 500 Stock Index Fund EUR Hedged Acc,19/08/2024,19/08/2024,Renta variable,BUY,0.1700,39.4330,0.0000,6.7036,EUR,
409,IE00B246KL88,0P0000CV2T.F,FUND,Vanguard 20+ Year Euro Treasury Index Fund EUR Acc,19/08/2024,19/08/2024,Renta fija,BUY,0.0600,155.0695,0.0000,9.3042,EUR,
410,IE0007471471,0P00000W6H.F,FUND,Vanguard U.S. Govt Bd Idx € H Acc,19/08/2024,19/08/2024,Renta fija,BUY,0.1300,89.2608,0.0000,11.6039,EUR,
411,IE00BYX5MD61,0P0001CJGN.F,FUND,Fidelity MSCI Europe Index Fund EUR P Acc,19/08/2024,19/08/2024,Renta variable,BUY,2.4350,8.2126,0.0000,19.9977,EUR,
412,IE00BYX5MX67,0P0001CLDM.F,FUND,Fidelity S&P 500 Index Fund EUR P Acc,19/08/2024,19/08/2024,Renta variable,BUY,5.6020,12.3168,0.0000,68.9987,EUR,
413,IE00BDZVHT63,0P0001COSJ,FUND,Fidelity MSCI Pacific ex Japan Index Fund USD P Acc,19/08/2024,19/08/2024,Renta variable,BUY,0.6450,6.1977,0.0000,3.9975,USD,
414,IE00BYX5N771,0P0001CLDI.F,FUND,Fidelity MSCI Japan Index Fund EUR P Acc,19/08/2024,19/08/2024,Renta variable,BUY,2.7180,7.3575,0.0000,19.9977,EUR,
415,LU2349459045,0P0001NYT8.F,FUND,Goldman Sachs Global Enhanced Index Sustainable Equity - I Cap EUR,19/08/2024,19/08/2024,Renta variable,BUY,0.0040,5866.1400,0.0000,23.4646,EUR,
416,IE00BYWYCC39,0P0001AINL.F,FUND,iShares Emerging Markets Index Fund (IE) D Acc EUR,19/08/2024,19/08/2024,Renta variable,BUY,1.5600,12.7948,0.0000,19.9599,EUR,
417,FR0000989626,0P00000LRT.F,FUND,GROUPAMA TRESORERIE I ACC EUR,20/08/2024,20/08/2024,Monetarios,BUY,0.2362,42324.1200,0.0000,9996.9571,EUR,
418,FR0000989626,0P00000LRT.F,FUND,GROUPAMA TRESORERIE I ACC EUR,22/08/2024,22/08/2024,Monetarios,SEND,0.1181,42332.4100,0.0000,4999.4576,EUR,
419,IE00B246KL88,0P0000CV2T.F,FUND,Vanguard 20+ Year Euro Treasury Index Fund EUR Acc,23/08/2024,23/08/2024,Renta fija,BUY,6.4100,155.7834,0.0000,998.5716,EUR,
7,ES0115086029,0P0001JGVD.F,FUND,BANKINTER PLATEA DINAMICO - R,26/08/2024,26/08/2024,Renta variable,BUY,1.1962,125.4002,0.0000,150.0000,EUR,
420,IE00B246KL88,0P0000CV2T.F,FUND,Vanguard 20+ Year Euro Treasury Index Fund EUR Acc,26/08/2024,26/08/2024,Renta fija,RECEIVE,32.1900,155.3077,0.0000,4999.3549,EUR,
421,IE0007471471,0P00000W6H.F,FUND,Vanguard U.S. Govt Bd Idx € H Acc,26/08/2024,26/08/2024,Renta fija,BUY,0.1300,89.5487,0.0000,11.6413,EUR,
422,IE00B246KL88,0P0000CV2T.F,FUND,Vanguard 20+ Year Euro Treasury Index Fund EUR Acc,26/08/2024,26/08/2024,Renta fija,BUY,0.0600,155.3077,0.0000,9.3185,EUR,
423,IE00B1G3DH73,0P00006TV8.F,FUND,Vanguard U.S. 500 Stock Index Fund EUR Hedged Acc,26/08/2024,26/08/2024,Renta variable,BUY,0.1700,39.4832,0.0000,6.7121,EUR,
424,IE00BYX5MX67,0P0001CLDM.F,FUND,Fidelity S&P 500 Index Fund EUR P Acc,26/08/2024,26/08/2024,Renta variable,BUY,5.6490,12.2141,0.0000,68.9975,EUR,
425,IE00BYX5MD61,0P0001CJGN.F,FUND,Fidelity MSCI Europe Index Fund EUR P Acc,26/08/2024,26/08/2024,Renta variable,BUY,2.4190,8.2657,0.0000,19.9947,EUR,
426,IE00BDZVHT63,0P0001COSJ,FUND,Fidelity MSCI Pacific ex Japan Index Fund USD P Acc,26/08/2024,26/08/2024,Renta variable,BUY,0.6290,6.3494,0.0000,3.9938,USD,
427,IE00BYX5N771,0P0001CLDI.F,FUND,Fidelity MSCI Japan Index Fund EUR P Acc,26/08/2024,26/08/2024,Renta variable,BUY,2.6880,7.4378,0.0000,19.9928,EUR,
428,LU2349459045,0P0001NYT8.F,FUND,Goldman Sachs Global Enhanced Index Sustainable Equity - I Cap EUR,26/08/2024,26/08/2024,Renta variable,BUY,0.0040,5856.2700,0.0000,23.4251,EUR,
429,IE00BYWYCC39,0P0001AINL.F,FUND,iShares Emerging Markets Index Fund (IE) D Acc EUR,27/08/2024,27/08/2024,Renta variable,BUY,1.5800,12.6110,0.0000,19.9254,EUR,
430,IE00BYX5N771,0P0001CLDI.F,FUND,Fidelity MSCI Japan Index Fund EUR P Acc,02/09/2024,02/09/2024,Renta variable,BUY,2.6540,7.5300,0.0000,19.9846,EUR,
431,IE00BYWYCC39,0P0001AINL.F,FUND,iShares Emerging Markets Index Fund (IE) D Acc EUR,02/09/2024,02/09/2024,Renta variable,BUY,1.5700,12.6984,0.0000,19.9365,EUR,
432,IE00BDZVHT63,0P0001COSJ,FUND,Fidelity MSCI Pacific ex Japan Index Fund USD P Acc,02/09/2024,02/09/2024,Renta variable,BUY,0.6260,6.3900,0.0000,4.0001,USD,
433,IE0007471471,0P00000W6H.F,FUND,Vanguard U.S. Govt Bd Idx € H Acc,03/09/2024,03/09/2024,Renta fija,BUY,0.1300,89.6219,0.0000,11.6508,EUR,
434,IE00B246KL88,0P0000CV2T.F,FUND,Vanguard 20+ Year Euro Treasury Index Fund EUR Acc,03/09/2024,03/09/2024,Renta fija,BUY,0.0600,154.1759,0.0000,9.2506,EUR,
435,IE00B1G3DH73,0P00006TV8.F,FUND,Vanguard U.S. 500 Stock Index Fund EUR Hedged Acc,03/09/2024,03/09/2024,Renta variable,BUY,0.1800,38.8505,0.0000,6.9931,EUR,
436,IE00BYX5MX67,0P0001CLDM.F,FUND,Fidelity S&P 500 Index Fund EUR P Acc,03/09/2024,03/09/2024,Renta variable,BUY,5.6690,12.1714,0.0000,68.9997,EUR,
437,IE00BYX5MD61,0P0001CJGN.F,FUND,Fidelity MSCI Europe Index Fund EUR P Acc,03/09/2024,03/09/2024,Renta variable,BUY,2.4090,8.2997,0.0000,19.9940,EUR,
438,LU2349459045,0P0001NYT8.F,FUND,Goldman Sachs Global Enhanced Index Sustainable Equity - I Cap EUR,03/09/2024,03/09/2024,Renta variable,BUY,0.0040,5850.0800,0.0000,23.4003,EUR,
439,IE0007471471,0P00000W6H.F,FUND,Vanguard U.S. Govt Bd Idx € H Acc,09/09/2024,09/09/2024,Renta fija,BUY,0.1300,90.4402,0.0000,11.7572,EUR,
440,IE00B1G3DH73,0P00006TV8.F,FUND,Vanguard U.S. 500 Stock Index Fund EUR Hedged Acc,09/09/2024,09/09/2024,Renta variable,BUY,0.1800,38.4402,0.0000,6.9192,EUR,
441,IE00B246KL88,0P0000CV2T.F,FUND,Vanguard 20+ Year Euro Treasury Index Fund EUR Acc,09/09/2024,09/09/2024,Renta fija,BUY,0.0600,156.7380,0.0000,9.4043,EUR,
442,IE00BYX5N771,0P0001CLDI.F,FUND,Fidelity MSCI Japan Index Fund EUR P Acc,09/09/2024,09/09/2024,Renta variable,BUY,2.7290,7.3265,0.0000,19.9940,EUR,
443,IE00BYX5MD61,0P0001CJGN.F,FUND,Fidelity MSCI Europe Index Fund EUR P Acc,09/09/2024,09/09/2024,Renta variable,BUY,2.4540,8.1488,0.0000,19.9972,EUR,
444,IE00BDZVHT63,0P0001COSJ,FUND,Fidelity MSCI Pacific ex Japan Index Fund USD P Acc,09/09/2024,09/09/2024,Renta variable,BUY,0.6390,6.2595,0.0000,3.9998,USD,
445,IE00BYX5MX67,0P0001CLDM.F,FUND,Fidelity S&P 500 Index Fund EUR P Acc,09/09/2024,09/09/2024,Renta variable,BUY,5.7280,12.0460,0.0000,68.9995,EUR,
446,IE00BYWYCC39,0P0001AINL.F,FUND,iShares Emerging Markets Index Fund (IE) D Acc EUR,09/09/2024,09/09/2024,Renta variable,BUY,1.6100,12.3562,0.0000,19.8935,EUR,
447,LU2349459045,0P0001NYT8.F,FUND,Goldman Sachs Global Enhanced Index Sustainable Equity - I Cap EUR,11/09/2024,11/09/2024,Renta variable,BUY,0.0040,5787.6600,0.0000,23.1506,EUR,
448,IE0007471471,0P00000W6H.F,FUND,Vanguard U.S. Govt Bd Idx € H Acc,16/09/2024,16/09/2024,Renta fija,BUY,0.1300,90.9216,0.0000,11.8198,EUR,
449,IE00B1G3DH73,0P00006TV8.F,FUND,Vanguard U.S. 500 Stock Index Fund EUR Hedged Acc,16/09/2024,16/09/2024,Renta variable,BUY,0.1700,39.5728,0.0000,6.7274,EUR,
450,IE00BYX5MX67,0P0001CLDM.F,FUND,Fidelity S&P 500 Index Fund EUR P Acc,16/09/2024,16/09/2024,Renta variable,BUY,5.6020,12.3160,0.0000,68.9942,EUR,
451,IE00BDZVHT63,0P0001COSJ,FUND,Fidelity MSCI Pacific ex Japan Index Fund USD P Acc,16/09/2024,16/09/2024,Renta variable,BUY,0.6220,6.4292,0.0000,3.9990,USD,
452,IE00BYX5MD61,0P0001CJGN.F,FUND,Fidelity MSCI Europe Index Fund EUR P Acc,16/09/2024,16/09/2024,Renta variable,BUY,2.4330,8.2170,0.0000,19.9920,EUR,
453,IE00B246KL88,0P0000CV2T.F,FUND,Vanguard 20+ Year Euro Treasury Index Fund EUR Acc,16/09/2024,16/09/2024,Renta fija,BUY,0.0600,157.7620,0.0000,9.4657,EUR,
454,LU2349459045,0P0001NYT8.F,FUND,Goldman Sachs Global Enhanced Index Sustainable Equity - I Cap EUR,16/09/2024,16/09/2024,Renta variable,BUY,0.0040,5906.4600,0.0000,23.6258,EUR,
455,IE00BYX5N771,0P0001CLDI.F,FUND,Fidelity MSCI Japan Index Fund EUR P Acc,17/09/2024,17/09/2024,Renta variable,BUY,2.7600,7.2454,0.0000,19.9973,EUR,
456,IE00BYWYCC39,0P0001AINL.F,FUND,iShares Emerging Markets Index Fund (IE) D Acc EUR,19/09/2024,19/09/2024,Renta variable,BUY,1.5700,12.6800,0.0000,19.9076,EUR,
457,IE00B246KL88,0P0000CV2T.F,FUND,Vanguard 20+ Year Euro Treasury Index Fund EUR Acc,23/09/2024,23/09/2024,Renta fija,BUY,0.0600,153.9517,0.0000,9.2371,EUR,
458,IE00B1G3DH73,0P00006TV8.F,FUND,Vanguard U.S. 500 Stock Index Fund EUR Hedged Acc,23/09/2024,23/09/2024,Renta variable,BUY,0.1700,40.1580,0.0000,6.8269,EUR,
459,IE0007471471,0P00000W6H.F,FUND,Vanguard U.S. Govt Bd Idx € H Acc,23/09/2024,23/09/2024,Renta fija,BUY,0.1300,90.3014,0.0000,11.7392,EUR,
460,IE00BYX5MD61,0P0001CJGN.F,FUND,Fidelity MSCI Europe Index Fund EUR P Acc,23/09/2024,23/09/2024,Renta variable,BUY,2.4280,8.2344,0.0000,19.9931,EUR,
461,IE00BYX5MX67,0P0001CLDM.F,FUND,Fidelity S&P 500 Index Fund EUR P Acc,23/09/2024,23/09/2024,Renta variable,BUY,5.5220,12.4948,0.0000,68.9963,EUR,
462,IE00BDZVHT63,0P0001COSJ,FUND,Fidelity MSCI Pacific ex Japan Index Fund USD P Acc,23/09/2024,23/09/2024,Renta variable,BUY,0.6050,6.6017,0.0000,3.9940,USD,
463,LU2349459045,0P0001NYT8.F,FUND,Goldman Sachs Global Enhanced Index Sustainable Equity - I Cap EUR,23/09/2024,23/09/2024,Renta variable,BUY,0.0040,5974.9600,0.0000,23.8998,EUR,
464,FR0000989626,0P00000LRT.F,FUND,GROUPAMA TRESORERIE I ACC EUR,23/09/2024,23/09/2024,Monetarios,BUY,0.1294,42472.9400,0.0000,5495.9984,EUR,
465,IE00BYWYCC39,0P0001AINL.F,FUND,iShares Emerging Markets Index Fund (IE) D Acc EUR,23/09/2024,23/09/2024,Renta variable,BUY,1.5600,12.8179,0.0000,19.9959,EUR,
8,ES0115086029,0P0001JGVD.F,FUND,BANKINTER PLATEA DINAMICO - R,24/09/2024,24/09/2024,Renta variable,BUY,1.1791,127.2135,0.0000,150.0000,EUR,
466,IE00BYX5N771,0P0001CLDI.F,FUND,Fidelity MSCI Japan Index Fund EUR P Acc,24/09/2024,24/09/2024,Renta variable,BUY,2.6870,7.4412,0.0000,19.9945,EUR,
467,IE00BYX5MX67,0P0001CLDM.F,FUND,Fidelity S&P 500 Index Fund EUR P Acc,30/09/2024,30/09/2024,Renta variable,BUY,8.7570,12.5604,0.0000,109.9914,EUR,
468,IE00BDZVHT63,0P0001COSJ,FUND,Fidelity MSCI Pacific ex Japan Index Fund USD P Acc,30/09/2024,30/09/2024,Renta variable,BUY,1.0210,6.8505,0.0000,6.9944,USD,
469,IE00BYX5MD61,0P0001CJGN.F,FUND,Fidelity MSCI Europe Index Fund EUR P Acc,30/09/2024,30/09/2024,Renta variable,BUY,3.8250,8.3644,0.0000,31.9938,EUR,
470,IE00BYX5N771,0P0001CLDI.F,FUND,Fidelity MSCI Japan Index Fund EUR P Acc,30/09/2024,30/09/2024,Renta variable,BUY,4.2750,7.4848,0.0000,31.9975,EUR,
471,IE00B1G3DH73,0P00006TV8.F,FUND,Vanguard U.S. 500 Stock Index Fund EUR Hedged Acc,30/09/2024,30/09/2024,Renta variable,BUY,0.2700,40.4598,0.0000,10.9241,EUR,
472,IE0007471471,0P00000W6H.F,FUND,Vanguard U.S. Govt Bd Idx € H Acc,30/09/2024,30/09/2024,Renta fija,BUY,0.2100,90.0929,0.0000,18.9195,EUR,
473,LU2349459045,0P0001NYT8.F,FUND,Goldman Sachs Global Enhanced Index Sustainable Equity - I Cap EUR,30/09/2024,30/09/2024,Renta variable,BUY,0.0060,6015.6600,0.0000,36.0940,EUR,
474,IE00BYWYCC39,0P0001AINL.F,FUND,iShares Emerging Markets Index Fund (IE) D Acc EUR,30/09/2024,30/09/2024,Renta variable,BUY,2.3700,13.4938,0.0000,31.9803,EUR,
475,IE00B246KL88,0P0000CV2T.F,FUND,Vanguard 20+ Year Euro Treasury Index Fund EUR Acc,01/10/2024,01/10/2024,Renta fija,BUY,0.1000,158.4123,0.0000,15.8412,EUR,
476,IE0007471471,0P00000W6H.F,FUND,Vanguard U.S. Govt Bd Idx € H Acc,07/10/2024,07/10/2024,Renta fija,BUY,0.2100,88.8279,0.0000,18.6539,EUR,
477,IE00B1G3DH73,0P00006TV8.F,FUND,Vanguard U.S. 500 Stock Index Fund EUR Hedged Acc,07/10/2024,07/10/2024,Renta variable,BUY,0.2700,39.9920,0.0000,10.7978,EUR,
478,IE00BYX5MX67,0P0001CLDM.F,FUND,Fidelity S&P 500 Index Fund EUR P Acc,07/10/2024,07/10/2024,Renta variable,BUY,8.7110,12.6271,0.0000,109.9947,EUR,
479,IE00BDZVHT63,0P0001COSJ,FUND,Fidelity MSCI Pacific ex Japan Index Fund USD P Acc,07/10/2024,07/10/2024,Renta variable,BUY,1.0360,6.7539,0.0000,6.9970,USD,
480,IE00BYX5N771,0P0001CLDI.F,FUND,Fidelity MSCI Japan Index Fund EUR P Acc,07/10/2024,07/10/2024,Renta variable,BUY,4.1980,7.6210,0.0000,31.9930,EUR,
481,LU2349459045,0P0001NYT8.F,FUND,Goldman Sachs Global Enhanced Index Sustainable Equity - I Cap EUR,07/10/2024,07/10/2024,Renta variable,BUY,0.0060,6017.6600,0.0000,36.1060,EUR,
482,IE00BYWYCC39,0P0001AINL.F,FUND,iShares Emerging Markets Index Fund (IE) D Acc EUR,07/10/2024,07/10/2024,Renta variable,BUY,2.3000,13.8812,0.0000,31.9268,EUR,
483,IE00BYX5MD61,0P0001CJGN.F,FUND,Fidelity MSCI Europe Index Fund EUR P Acc,08/10/2024,08/10/2024,Renta variable,BUY,3.8680,8.2718,0.0000,31.9953,EUR,
484,IE00B246KL88,0P0000CV2T.F,FUND,Vanguard 20+ Year Euro Treasury Index Fund EUR Acc,08/10/2024,08/10/2024,Renta fija,BUY,0.1000,153.1084,0.0000,15.3108,EUR,
485,IE00B1G3DH73,0P00006TV8.F,FUND,Vanguard U.S. 500 Stock Index Fund EUR Hedged Acc,14/10/2024,14/10/2024,Renta variable,BUY,0.2600,41.1578,0.0000,10.7010,EUR,
486,IE00B246KL88,0P0000CV2T.F,FUND,Vanguard 20+ Year Euro Treasury Index Fund EUR Acc,14/10/2024,14/10/2024,Renta fija,BUY,0.1000,152.8114,0.0000,15.2811,EUR,
487,IE00BDZVHT63,0P0001COSJ,FUND,Fidelity MSCI Pacific ex Japan Index Fund USD P Acc,14/10/2024,14/10/2024,Renta variable,BUY,1.0510,6.6594,0.0000,6.9990,USD,
488,IE00BYX5MD61,0P0001CJGN.F,FUND,Fidelity MSCI Europe Index Fund EUR P Acc,14/10/2024,14/10/2024,Renta variable,BUY,3.8140,8.3887,0.0000,31.9945,EUR,
489,IE00BYX5MX67,0P0001CLDM.F,FUND,Fidelity S&P 500 Index Fund EUR P Acc,14/10/2024,14/10/2024,Renta variable,BUY,8.4200,13.0641,0.0000,109.9997,EUR,
490,LU2349459045,0P0001NYT8.F,FUND,Goldman Sachs Global Enhanced Index Sustainable Equity - I Cap EUR,14/10/2024,14/10/2024,Renta variable,BUY,0.0060,6195.8100,0.0000,37.1749,EUR,
491,FR0000989626,0P00000LRT.F,FUND,GROUPAMA TRESORERIE I ACC EUR,14/10/2024,14/10/2024,Monetarios,SEND,0.0505,42564.5100,0.0000,2149.5078,EUR,
492,FR0000989626,0P00000LRT.F,FUND,GROUPAMA TRESORERIE I ACC EUR,14/10/2024,14/10/2024,Monetarios,SEND,0.0235,42564.5100,0.0000,1000.2660,EUR,
493,FR0000989626,0P00000LRT.F,FUND,GROUPAMA TRESORERIE I ACC EUR,14/10/2024,14/10/2024,Monetarios,SEND,0.0118,42564.5100,0.0000,502.2612,EUR,
494,FR0000989626,0P00000LRT.F,FUND,GROUPAMA TRESORERIE I ACC EUR,14/10/2024,14/10/2024,Monetarios,SEND,0.0165,42564.5100,0.0000,702.3144,EUR,
495,FR0000989626,0P00000LRT.F,FUND,GROUPAMA TRESORERIE I ACC EUR,14/10/2024,14/10/2024,Monetarios,SEND,0.0071,42564.5100,0.0000,302.2080,EUR,
496,FR0000989626,0P00000LRT.F,FUND,GROUPAMA TRESORERIE I ACC EUR,14/10/2024,14/10/2024,Monetarios,SEND,0.0047,42564.5100,0.0000,200.0532,EUR,
497,FR0000989626,0P00000LRT.F,FUND,GROUPAMA TRESORERIE I ACC EUR,14/10/2024,14/10/2024,Monetarios,SEND,0.0035,42564.5100,0.0000,148.9758,EUR,
498,IE0007471471,0P00000W6H.F,FUND,Vanguard U.S. Govt Bd Idx € H Acc,15/10/2024,15/10/2024,Renta fija,BUY,0.2100,88.8700,0.0000,18.6627,EUR,
499,IE00BYX5N771,0P0001CLDI.F,FUND,Fidelity MSCI Japan Index Fund EUR P Acc,15/10/2024,15/10/2024,Renta variable,BUY,4.2190,7.5838,0.0000,31.9961,EUR,
500,IE00BYX5MX67,0P0001CLDM.F,FUND,Fidelity S&P 500 Index Fund EUR P Acc,15/10/2024,15/10/2024,Renta variable,RECEIVE,165.6040,12.9797,0.0000,2149.4902,EUR,
501,IE00BYWYCC39,0P0001AINL.F,FUND,iShares Emerging Markets Index Fund (IE) D Acc EUR,15/10/2024,15/10/2024,Renta variable,BUY,2.3500,13.5741,0.0000,31.8991,EUR,
502,IE00B1G3DH73,0P00006TV8.F,FUND,Vanguard U.S. 500 Stock Index Fund EUR Hedged Acc,16/10/2024,16/10/2024,Renta variable,RECEIVE,4.8700,41.0352,0.0000,199.8414,EUR,
503,IE00BYX5MD61,0P0001CJGN.F,FUND,Fidelity MSCI Europe Index Fund EUR P Acc,16/10/2024,16/10/2024,Renta variable,RECEIVE,60.5260,8.2982,0.0000,502.2569,EUR,
504,IE00BYX5N771,0P0001CLDI.F,FUND,Fidelity MSCI Japan Index Fund EUR P Acc,16/10/2024,16/10/2024,Renta variable,RECEIVE,40.3750,7.4847,0.0000,302.1948,EUR,
505,IE00BDZVHT63,0P0001COSJ,FUND,Fidelity MSCI Pacific ex Japan Index Fund USD P Acc,16/10/2024,16/10/2024,Renta variable,RECEIVE,24.5780,6.5935,0.0000,162.0550,USD,
506,LU2349459045,0P0001NYT8.F,FUND,Goldman Sachs Global Enhanced Index Sustainable Equity - I Cap EUR,16/10/2024,16/10/2024,Renta variable,RECEIVE,0.1610,6196.6400,0.0000,997.6590,EUR,
507,IE00BYWYCC39,0P0001AINL.F,FUND,iShares Emerging Markets Index Fund (IE) D Acc EUR,17/10/2024,17/10/2024,Renta variable,RECEIVE,52.0300,13.4978,0.0000,702.2905,EUR,
508,IE0007471471,0P00000W6H.F,FUND,Vanguard U.S. Govt Bd Idx € H Acc,21/10/2024,21/10/2024,Renta fija,BUY,0.2100,88.1039,0.0000,18.5018,EUR,
509,IE00B246KL88,0P0000CV2T.F,FUND,Vanguard 20+ Year Euro Treasury Index Fund EUR Acc,21/10/2024,21/10/2024,Renta fija,BUY,0.1000,152.4157,0.0000,15.2416,EUR,
510,IE00B1G3DH73,0P00006TV8.F,FUND,Vanguard U.S. 500 Stock Index Fund EUR Hedged Acc,21/10/2024,21/10/2024,Renta variable,BUY,0.2600,41.1188,0.0000,10.6909,EUR,
511,IE00BDZVHT63,0P0001COSJ,FUND,Fidelity MSCI Pacific ex Japan Index Fund USD P Acc,21/10/2024,21/10/2024,Renta variable,BUY,1.0550,6.6343,0.0000,6.9992,USD,
512,IE00BYX5N771,0P0001CLDI.F,FUND,Fidelity MSCI Japan Index Fund EUR P Acc,21/10/2024,21/10/2024,Renta variable,BUY,4.2900,7.4583,0.0000,31.9961,EUR,
513,IE00BYX5MD61,0P0001CJGN.F,FUND,Fidelity MSCI Europe Index Fund EUR P Acc,21/10/2024,21/10/2024,Renta variable,BUY,3.8390,8.3340,0.0000,31.9942,EUR,
514,IE00BYX5MX67,0P0001CLDM.F,FUND,Fidelity S&P 500 Index Fund EUR P Acc,21/10/2024,21/10/2024,Renta variable,BUY,8.3650,13.1491,0.0000,109.9922,EUR,
515,LU2349459045,0P0001NYT8.F,FUND,Goldman Sachs Global Enhanced Index Sustainable Equity - I Cap EUR,21/10/2024,21/10/2024,Renta variable,BUY,0.0060,6223.7100,0.0000,37.3423,EUR,
516,IE00BYWYCC39,0P0001AINL.F,FUND,iShares Emerging Markets Index Fund (IE) D Acc EUR,21/10/2024,21/10/2024,Renta variable,BUY,2.3400,13.6363,0.0000,31.9089,EUR,
9,ES0115086029,0P0001JGVD.F,FUND,BANKINTER PLATEA DINAMICO - R,24/10/2024,24/10/2024,Renta variable,BUY,1.1653,128.7211,0.0000,150.0000,EUR,
517,IE00B246KL88,0P0000CV2T.F,FUND,Vanguard 20+ Year Euro Treasury Index Fund EUR Acc,28/10/2024,28/10/2024,Renta fija,BUY,0.1000,152.6202,0.0000,15.2620,EUR,
518,IE0007471471,0P00000W6H.F,FUND,Vanguard U.S. Govt Bd Idx € H Acc,28/10/2024,28/10/2024,Renta fija,BUY,0.2100,87.7475,0.0000,18.4270,EUR,
519,IE00B1G3DH73,0P00006TV8.F,FUND,Vanguard U.S. 500 Stock Index Fund EUR Hedged Acc,28/10/2024,28/10/2024,Renta variable,BUY,0.2600,40.8874,0.0000,10.6307,EUR,
520,IE00BYX5N771,0P0001CLDI.F,FUND,Fidelity MSCI Japan Index Fund EUR P Acc,28/10/2024,28/10/2024,Renta variable,BUY,4.3950,7.2805,0.0000,31.9978,EUR,
521,IE00BYX5MX67,0P0001CLDM.F,FUND,Fidelity S&P 500 Index Fund EUR P Acc,28/10/2024,28/10/2024,Renta variable,BUY,8.3960,13.1007,0.0000,109.9935,EUR,
522,IE00BDZVHT63,0P0001COSJ,FUND,Fidelity MSCI Pacific ex Japan Index Fund USD P Acc,28/10/2024,28/10/2024,Renta variable,BUY,1.0750,6.5086,0.0000,6.9967,USD,
523,IE00BYX5MD61,0P0001CJGN.F,FUND,Fidelity MSCI Europe Index Fund EUR P Acc,28/10/2024,28/10/2024,Renta variable,BUY,3.8430,8.3252,0.0000,31.9937,EUR,
524,LU2349459045,0P0001NYT8.F,FUND,Goldman Sachs Global Enhanced Index Sustainable Equity - I Cap EUR,28/10/2024,28/10/2024,Renta variable,BUY,0.0060,6179.7300,0.0000,37.0784,EUR,
525,IE00BYWYCC39,0P0001AINL.F,FUND,iShares Emerging Markets Index Fund (IE) D Acc EUR,29/10/2024,29/10/2024,Renta variable,BUY,2.3500,13.5603,0.0000,31.8667,EUR,
526,IE00B1G3DH73,0P00006TV8.F,FUND,Vanguard U.S. 500 Stock Index Fund EUR Hedged Acc,06/11/2024,06/11/2024,Renta variable,BUY,0.2600,41.5985,0.0000,10.8156,EUR,
527,IE00B246KL88,0P0000CV2T.F,FUND,Vanguard 20+ Year Euro Treasury Index Fund EUR Acc,06/11/2024,06/11/2024,Renta fija,BUY,0.1000,151.2132,0.0000,15.1213,EUR,
528,IE0007471471,0P00000W6H.F,FUND,Vanguard U.S. Govt Bd Idx € H Acc,06/11/2024,06/11/2024,Renta fija,BUY,0.2100,87.0975,0.0000,18.2905,EUR,
529,IE00BYX5MX67,0P0001CLDM.F,FUND,Fidelity S&P 500 Index Fund EUR P Acc,06/11/2024,06/11/2024,Renta variable,BUY,8.1840,13.4394,0.0000,109.9880,EUR,
530,IE00BYX5MD61,0P0001CJGN.F,FUND,Fidelity MSCI Europe Index Fund EUR P Acc,06/11/2024,06/11/2024,Renta variable,BUY,3.9520,8.0957,0.0000,31.9942,EUR,
531,LU2349459045,0P0001NYT8.F,FUND,Goldman Sachs Global Enhanced Index Sustainable Equity - I Cap EUR,06/11/2024,06/11/2024,Renta variable,BUY,0.0060,6297.9300,0.0000,37.7876,EUR,
532,IE00BYX5N771,0P0001CLDI.F,FUND,Fidelity MSCI Japan Index Fund EUR P Acc,07/11/2024,07/11/2024,Renta variable,BUY,4.2520,7.5253,0.0000,31.9976,EUR,
533,IE00BDZVHT63,0P0001COSJ,FUND,Fidelity MSCI Pacific ex Japan Index Fund USD P Acc,07/11/2024,07/11/2024,Renta variable,BUY,1.0580,6.6139,0.0000,6.9975,USD,
534,IE00B1G3DH73,0P00006TV8.F,FUND,Vanguard U.S. 500 Stock Index Fund EUR Hedged Acc,11/11/2024,11/11/2024,Renta variable,BUY,0.2600,42.1147,0.0000,10.9498,EUR,
535,IE00BYX5MX67,0P0001CLDM.F,FUND,Fidelity S&P 500 Index Fund EUR P Acc,11/11/2024,11/11/2024,Renta variable,BUY,8.0160,13.7211,0.0000,109.9883,EUR,
536,IE00BYX5MD61,0P0001CJGN.F,FUND,Fidelity MSCI Europe Index Fund EUR P Acc,11/11/2024,11/11/2024,Renta variable,BUY,3.9020,8.1991,0.0000,31.9929,EUR,
537,LU2349459045,0P0001NYT8.F,FUND,Goldman Sachs Global Enhanced Index Sustainable Equity - I Cap EUR,11/11/2024,11/11/2024,Renta variable,BUY,0.0060,6422.0800,0.0000,38.5325,EUR,
538,IE0007471471,0P00000W6H.F,FUND,Vanguard U.S. Govt Bd Idx € H Acc,12/11/2024,12/11/2024,Renta fija,BUY,0.2100,87.1293,0.0000,18.2972,EUR,
539,IE00B246KL88,0P0000CV2T.F,FUND,Vanguard 20+ Year Euro Treasury Index Fund EUR Acc,12/11/2024,12/11/2024,Renta fija,BUY,0.1000,153.7398,0.0000,15.3740,EUR,
540,IE00BDZVHT63,0P0001COSJ,FUND,Fidelity MSCI Pacific ex Japan Index Fund USD P Acc,12/11/2024,12/11/2024,Renta variable,BUY,1.0720,6.5240,0.0000,6.9937,USD,
541,IE00BYX5N771,0P0001CLDI.F,FUND,Fidelity MSCI Japan Index Fund EUR P Acc,12/11/2024,12/11/2024,Renta variable,BUY,4.2170,7.5868,0.0000,31.9935,EUR,
542,IE00BYWYCC39,0P0001AINL.F,FUND,iShares Emerging Markets Index Fund (IE) D Acc EUR,12/11/2024,12/11/2024,Renta variable,BUY,2.3800,13.4011,0.0000,31.8946,EUR,
543,IE00B1G3DH73,0P00006TV8.F,FUND,Vanguard U.S. 500 Stock Index Fund EUR Hedged Acc,18/11/2024,18/11/2024,Renta variable,BUY,0.2600,41.3451,0.0000,10.7497,EUR,
544,IE0007471471,0P00000W6H.F,FUND,Vanguard U.S. Govt Bd Idx € H Acc,18/11/2024,18/11/2024,Renta fija,BUY,0.2100,87.1960,0.0000,18.3112,EUR,
545,IE00BYX5MD61,0P0001CJGN.F,FUND,Fidelity MSCI Europe Index Fund EUR P Acc,18/11/2024,18/11/2024,Renta variable,BUY,3.9790,8.0418,0.0000,31.9983,EUR,
546,IE00BYX5N771,0P0001CLDI.F,FUND,Fidelity MSCI Japan Index Fund EUR P Acc,18/11/2024,18/11/2024,Renta variable,BUY,4.2980,7.4447,0.0000,31.9973,EUR,
547,IE00BYX5MX67,0P0001CLDM.F,FUND,Fidelity S&P 500 Index Fund EUR P Acc,18/11/2024,18/11/2024,Renta variable,BUY,8.1030,13.5749,0.0000,109.9974,EUR,
548,IE00BDZVHT63,0P0001COSJ,FUND,Fidelity MSCI Pacific ex Japan Index Fund USD P Acc,18/11/2024,18/11/2024,Renta variable,BUY,1.0770,6.4953,0.0000,6.9954,USD,
549,LU2349459045,0P0001NYT8.F,FUND,Goldman Sachs Global Enhanced Index Sustainable Equity - I Cap EUR,18/11/2024,18/11/2024,Renta variable,BUY,0.0060,6348.5500,0.0000,38.0913,EUR,
550,IE00B246KL88,0P0000CV2T.F,FUND,Vanguard 20+ Year Euro Treasury Index Fund EUR Acc,18/11/2024,18/11/2024,Renta fija,BUY,0.1000,154.0256,0.0000,15.4026,EUR,
551,IE00BYWYCC39,0P0001AINL.F,FUND,iShares Emerging Markets Index Fund (IE) D Acc EUR,18/11/2024,18/11/2024,Renta variable,BUY,2.4000,13.2983,0.0000,31.9159,EUR,
552,IE00B1G3DH73,0P00006TV8.F,FUND,Vanguard U.S. 500 Stock Index Fund EUR Hedged Acc,25/11/2024,25/11/2024,Renta variable,BUY,0.2600,42.0236,0.0000,10.9261,EUR,
553,IE0007471471,0P00000W6H.F,FUND,Vanguard U.S. Govt Bd Idx € H Acc,25/11/2024,25/11/2024,Renta fija,BUY,0.2100,87.9100,0.0000,18.4611,EUR,
554,IE00B246KL88,0P0000CV2T.F,FUND,Vanguard 20+ Year Euro Treasury Index Fund EUR Acc,25/11/2024,25/11/2024,Renta fija,BUY,0.1000,156.8200,0.0000,15.6820,EUR,
555,IE00BYX5MX67,0P0001CLDM.F,FUND,Fidelity S&P 500 Index Fund EUR P Acc,25/11/2024,25/11/2024,Renta variable,BUY,7.9100,13.9047,0.0000,109.9862,EUR,
556,IE00BYX5N771,0P0001CLDI.F,FUND,Fidelity MSCI Japan Index Fund EUR P Acc,25/11/2024,25/11/2024,Renta variable,BUY,4.2080,7.6038,0.0000,31.9968,EUR,
557,IE00BDZVHT63,0P0001COSJ,FUND,Fidelity MSCI Pacific ex Japan Index Fund USD P Acc,25/11/2024,25/11/2024,Renta variable,BUY,1.0660,6.5626,0.0000,6.9957,USD,
558,IE00BYX5MD61,0P0001CJGN.F,FUND,Fidelity MSCI Europe Index Fund EUR P Acc,25/11/2024,25/11/2024,Renta variable,BUY,3.9310,8.1395,0.0000,31.9964,EUR,
559,LU2349459045,0P0001NYT8.F,FUND,Goldman Sachs Global Enhanced Index Sustainable Equity - I Cap EUR,25/11/2024,25/11/2024,Renta variable,BUY,0.0060,6512.1300,0.0000,39.0728,EUR,
560,IE00BYWYCC39,0P0001AINL.F,FUND,iShares Emerging Markets Index Fund (IE) D Acc EUR,25/11/2024,25/11/2024,Renta variable,BUY,2.3800,13.4156,0.0000,31.9291,EUR,
561,IE00BYX5N771,0P0001CLDI.F,FUND,Fidelity MSCI Japan Index Fund EUR P Acc,02/12/2024,02/12/2024,Renta variable,BUY,4.0830,7.8367,0.0000,31.9972,EUR,
562,IE00BDZVHT63,0P0001COSJ,FUND,Fidelity MSCI Pacific ex Japan Index Fund USD P Acc,02/12/2024,02/12/2024,Renta variable,BUY,1.0670,6.5590,0.0000,6.9985,USD,
563,IE00BYWYCC39,0P0001AINL.F,FUND,iShares Emerging Markets Index Fund (IE) D Acc EUR,02/12/2024,02/12/2024,Renta variable,BUY,2.3900,13.3819,0.0000,31.9827,EUR,
564,IE00B246KL88,0P0000CV2T.F,FUND,Vanguard 20+ Year Euro Treasury Index Fund EUR Acc,03/12/2024,03/12/2024,Renta fija,BUY,0.0900,161.4668,0.0000,14.5320,EUR,
565,IE00B1G3DH73,0P00006TV8.F,FUND,Vanguard U.S. 500 Stock Index Fund EUR Hedged Acc,03/12/2024,03/12/2024,Renta variable,BUY,0.2500,42.4597,0.0000,10.6149,EUR,
566,IE0007471471,0P00000W6H.F,FUND,Vanguard U.S. Govt Bd Idx € H Acc,03/12/2024,03/12/2024,Renta fija,BUY,0.2100,88.2006,0.0000,18.5221,EUR,
567,IE00BYX5MD61,0P0001CJGN.F,FUND,Fidelity MSCI Europe Index Fund EUR P Acc,03/12/2024,03/12/2024,Renta variable,BUY,3.8760,8.2552,0.0000,31.9972,EUR,
568,IE00BYX5MX67,0P0001CLDM.F,FUND,Fidelity S&P 500 Index Fund EUR P Acc,03/12/2024,03/12/2024,Renta variable,BUY,7.8480,14.0147,0.0000,109.9874,EUR,
569,LU2349459045,0P0001NYT8.F,FUND,Goldman Sachs Global Enhanced Index Sustainable Equity - I Cap EUR,03/12/2024,03/12/2024,Renta variable,BUY,0.0060,6570.1800,0.0000,39.4211,EUR,
570,IE00B1G3DH73,0P00006TV8.F,FUND,Vanguard U.S. 500 Stock Index Fund EUR Hedged Acc,09/12/2024,09/12/2024,Renta variable,BUY,0.2500,42.4764,0.0000,10.6191,EUR,
571,IE0007471471,0P00000W6H.F,FUND,Vanguard U.S. Govt Bd Idx € H Acc,09/12/2024,09/12/2024,Renta fija,BUY,0.2100,88.4504,0.0000,18.5746,EUR,
572,IE00B246KL88,0P0000CV2T.F,FUND,Vanguard 20+ Year Euro Treasury Index Fund EUR Acc,09/12/2024,09/12/2024,Renta fija,BUY,0.0900,161.1980,0.0000,14.5078,EUR,
573,IE00BYX5MD61,0P0001CJGN.F,FUND,Fidelity MSCI Europe Index Fund EUR P Acc,09/12/2024,09/12/2024,Renta variable,BUY,3.8360,8.3399,0.0000,31.9919,EUR,
574,IE00BDZVHT63,0P0001COSJ,FUND,Fidelity MSCI Pacific ex Japan Index Fund USD P Acc,09/12/2024,09/12/2024,Renta variable,BUY,1.0580,6.6102,0.0000,6.9936,USD,
575,IE00BYX5N771,0P0001CLDI.F,FUND,Fidelity MSCI Japan Index Fund EUR P Acc,09/12/2024,09/12/2024,Renta variable,BUY,4.1300,7.7468,0.0000,31.9943,EUR,
576,IE00BYX5MX67,0P0001CLDM.F,FUND,Fidelity S&P 500 Index Fund EUR P Acc,09/12/2024,09/12/2024,Renta variable,BUY,7.8980,13.9260,0.0000,109.9875,EUR,
577,LU2349459045,0P0001NYT8.F,FUND,Goldman Sachs Global Enhanced Index Sustainable Equity - I Cap EUR,09/12/2024,09/12/2024,Renta variable,BUY,0.0060,6547.4500,0.0000,39.2847,EUR,
578,IE00BYWYCC39,0P0001AINL.F,FUND,iShares Emerging Markets Index Fund (IE) D Acc EUR,09/12/2024,09/12/2024,Renta variable,BUY,2.3600,13.5560,0.0000,31.9922,EUR,
579,IE0007471471,0P00000W6H.F,FUND,Vanguard U.S. Govt Bd Idx € H Acc,16/12/2024,16/12/2024,Renta fija,BUY,0.2100,87.5132,0.0000,18.3778,EUR,
580,IE00B246KL88,0P0000CV2T.F,FUND,Vanguard 20+ Year Euro Treasury Index Fund EUR Acc,16/12/2024,16/12/2024,Renta fija,BUY,0.1000,156.1615,0.0000,15.6162,EUR,
581,IE00B1G3DH73,0P00006TV8.F,FUND,Vanguard U.S. 500 Stock Index Fund EUR Hedged Acc,16/12/2024,16/12/2024,Renta variable,BUY,0.2500,42.6177,0.0000,10.6544,EUR,
582,IE00BYX5MD61,0P0001CJGN.F,FUND,Fidelity MSCI Europe Index Fund EUR P Acc,16/12/2024,16/12/2024,Renta variable,BUY,3.8740,8.2585,0.0000,31.9934,EUR,
583,IE00BYX5MX67,0P0001CLDM.F,FUND,Fidelity S&P 500 Index Fund EUR P Acc,16/12/2024,16/12/2024,Renta variable,BUY,7.8060,14.0908,0.0000,109.9928,EUR,
584,IE00BDZVHT63,0P0001COSJ,FUND,Fidelity MSCI Pacific ex Japan Index Fund USD P Acc,16/12/2024,16/12/2024,Renta variable,BUY,1.0910,6.4143,0.0000,6.9980,USD,
585,IE00BYX5N771,0P0001CLDI.F,FUND,Fidelity MSCI Japan Index Fund EUR P Acc,16/12/2024,16/12/2024,Renta variable,BUY,4.1770,7.6600,0.0000,31.9958,EUR,
586,IE00BYWYCC39,0P0001AINL.F,FUND,iShares Emerging Markets Index Fund (IE) D Acc EUR,16/12/2024,16/12/2024,Renta variable,BUY,2.3600,13.5390,0.0000,31.9520,EUR,
587,LU2349459045,0P0001NYT8.F,FUND,Goldman Sachs Global Enhanced Index Sustainable Equity - I Cap EUR,18/12/2024,18/12/2024,Renta variable,BUY,0.0060,6574.3400,0.0000,39.4460,EUR,
588,IE0007471471,0P00000W6H.F,FUND,Vanguard U.S. Govt Bd Idx € H Acc,23/12/2024,23/12/2024,Renta fija,BUY,0.2100,86.6539,0.0000,18.1973,EUR,
589,IE00B1G3DH73,0P00006TV8.F,FUND,Vanguard U.S. 500 Stock Index Fund EUR Hedged Acc,23/12/2024,23/12/2024,Renta variable,BUY,0.2600,41.8971,0.0000,10.8932,EUR,
590,IE00B246KL88,0P0000CV2T.F,FUND,Vanguard 20+ Year Euro Treasury Index Fund EUR Acc,23/12/2024,23/12/2024,Renta fija,BUY,0.1000,153.6586,0.0000,15.3659,EUR,
591,IE00BYX5MX67,0P0001CLDM.F,FUND,Fidelity S&P 500 Index Fund EUR P Acc,23/12/2024,23/12/2024,Renta variable,BUY,7.8490,14.0145,0.0000,109.9998,EUR,
592,IE00BYX5MD61,0P0001CJGN.F,FUND,Fidelity MSCI Europe Index Fund EUR P Acc,23/12/2024,23/12/2024,Renta variable,BUY,3.9750,8.0502,0.0000,31.9995,EUR,
593,IE00BDZVHT63,0P0001COSJ,FUND,Fidelity MSCI Pacific ex Japan Index Fund USD P Acc,23/12/2024,23/12/2024,Renta variable,BUY,1.1180,6.2609,0.0000,6.9997,USD,
594,IE00BYX5N771,0P0001CLDI.F,FUND,Fidelity MSCI Japan Index Fund EUR P Acc,23/12/2024,23/12/2024,Renta variable,BUY,4.2310,7.5621,0.0000,31.9952,EUR,
595,LU2349459045,0P0001NYT8.F,FUND,Goldman Sachs Global Enhanced Index Sustainable Equity - I Cap EUR,23/12/2024,23/12/2024,Renta variable,BUY,0.0060,6498.1400,0.0000,38.9888,EUR,
596,IE00BYWYCC39,0P0001AINL.F,FUND,iShares Emerging Markets Index Fund (IE) D Acc EUR,23/12/2024,23/12/2024,Renta variable,BUY,2.3700,13.4604,0.0000,31.9011,EUR,
597,IE00B1G3DH73,0P00006TV8.F,FUND,Vanguard U.S. 500 Stock Index Fund EUR Hedged Acc,30/12/2024,30/12/2024,Renta variable,BUY,0.2600,41.4071,0.0000,10.7658,EUR,
598,IE0007471471,0P00000W6H.F,FUND,Vanguard U.S. Govt Bd Idx € H Acc,30/12/2024,30/12/2024,Renta fija,BUY,0.2100,86.9166,0.0000,18.2525,EUR,
599,IE00BYX5MD61,0P0001CJGN.F,FUND,Fidelity MSCI Europe Index Fund EUR P Acc,30/12/2024,30/12/2024,Renta variable,BUY,3.9600,8.0806,0.0000,31.9992,EUR,
600,IE00BDZVHT63,0P0001COSJ,FUND,Fidelity MSCI Pacific ex Japan Index Fund USD P Acc,30/12/2024,30/12/2024,Renta variable,BUY,1.1140,6.2834,0.0000,6.9997,USD,
601,IE00BYX5N771,0P0001CLDI.F,FUND,Fidelity MSCI Japan Index Fund EUR P Acc,30/12/2024,30/12/2024,Renta variable,BUY,4.1300,7.7473,0.0000,31.9963,EUR,
602,IE00BYX5MX67,0P0001CLDM.F,FUND,Fidelity S&P 500 Index Fund EUR P Acc,30/12/2024,30/12/2024,Renta variable,BUY,7.9290,13.8723,0.0000,109.9935,EUR,
603,LU2349459045,0P0001NYT8.F,FUND,Goldman Sachs Global Enhanced Index Sustainable Equity - I Cap EUR,30/12/2024,30/12/2024,Renta variable,BUY,0.0060,6450.7100,0.0000,38.7043,EUR,
604,IE00BYWYCC39,0P0001AINL.F,FUND,iShares Emerging Markets Index Fund (IE) D Acc EUR,30/12/2024,30/12/2024,Renta variable,BUY,2.3800,13.4225,0.0000,31.9456,EUR,
605,IE00B246KL88,0P0000CV2T.F,FUND,Vanguard 20+ Year Euro Treasury Index Fund EUR Acc,30/12/2024,30/12/2024,Renta fija,BUY,0.1000,152.8259,0.0000,15.2826,EUR,
606,IE00BDZVHT63,0P0001COSJ,FUND,Fidelity MSCI Pacific ex Japan Index Fund USD P Acc,06/01/2025,06/01/2025,Renta variable,BUY,1.1100,6.3007,0.0000,6.9938,USD,
607,IE00BYX5N771,0P0001CLDI.F,FUND,Fidelity MSCI Japan Index Fund EUR P Acc,06/01/2025,06/01/2025,Renta variable,BUY,4.1860,7.6437,0.0000,31.9965,EUR,
608,IE00BYWYCC39,0P0001AINL.F,FUND,iShares Emerging Markets Index Fund (IE) D Acc EUR,06/01/2025,06/01/2025,Renta variable,BUY,2.3700,13.4461,0.0000,31.8673,EUR,
609,IE0007471471,0P00000W6H.F,FUND,Vanguard U.S. Govt Bd Idx € H Acc,07/01/2025,07/01/2025,Renta fija,BUY,0.2100,86.3989,0.0000,18.1438,EUR,
610,IE00B246KL88,0P0000CV2T.F,FUND,Vanguard 20+ Year Euro Treasury Index Fund EUR Acc,07/01/2025,07/01/2025,Renta fija,BUY,0.1000,148.8240,0.0000,14.8824,EUR,
611,IE00B1G3DH73,0P00006TV8.F,FUND,Vanguard U.S. 500 Stock Index Fund EUR Hedged Acc,07/01/2025,07/01/2025,Renta variable,BUY,0.2600,41.4111,0.0000,10.7669,EUR,
612,IE00BYX5MD61,0P0001CJGN.F,FUND,Fidelity MSCI Europe Index Fund EUR P Acc,07/01/2025,07/01/2025,Renta variable,BUY,3.8820,8.2427,0.0000,31.9982,EUR,
613,IE00BYX5MX67,0P0001CLDM.F,FUND,Fidelity S&P 500 Index Fund EUR P Acc,07/01/2025,07/01/2025,Renta variable,BUY,7.9190,13.8906,0.0000,109.9997,EUR,
614,LU2349459045,0P0001NYT8.F,FUND,Goldman Sachs Global Enhanced Index Sustainable Equity - I Cap EUR,07/01/2025,07/01/2025,Renta variable,BUY,0.0060,6472.9200,0.0000,38.8375,EUR,
615,IE00B246KL88,0P0000CV2T.F,FUND,Vanguard 20+ Year Euro Treasury Index Fund EUR Acc,13/01/2025,13/01/2025,Renta fija,BUY,0.1000,145.8562,0.0000,14.5856,EUR,
616,IE00B1G3DH73,0P00006TV8.F,FUND,Vanguard U.S. 500 Stock Index Fund EUR Hedged Acc,13/01/2025,13/01/2025,Renta variable,BUY,0.2600,40.8876,0.0000,10.6308,EUR,
617,IE0007471471,0P00000W6H.F,FUND,Vanguard U.S. Govt Bd Idx € H Acc,13/01/2025,13/01/2025,Renta fija,BUY,0.2200,85.9819,0.0000,18.9160,EUR,
618,IE00BYX5MD61,0P0001CJGN.F,FUND,Fidelity MSCI Europe Index Fund EUR P Acc,13/01/2025,13/01/2025,Renta variable,BUY,3.9220,8.1585,0.0000,31.9976,EUR,
619,IE00BDZVHT63,0P0001COSJ,FUND,Fidelity MSCI Pacific ex Japan Index Fund USD P Acc,13/01/2025,13/01/2025,Renta variable,BUY,1.1390,6.1405,0.0000,6.9940,USD,
620,IE00BYX5MX67,0P0001CLDM.F,FUND,Fidelity S&P 500 Index Fund EUR P Acc,13/01/2025,13/01/2025,Renta variable,BUY,7.8810,13.9576,0.0000,109.9998,EUR,
621,LU2349459045,0P0001NYT8.F,FUND,Goldman Sachs Global Enhanced Index Sustainable Equity - I Cap EUR,13/01/2025,13/01/2025,Renta variable,BUY,0.0060,6473.2400,0.0000,38.8394,EUR,
622,IE00BYWYCC39,0P0001AINL.F,FUND,iShares Emerging Markets Index Fund (IE) D Acc EUR,13/01/2025,13/01/2025,Renta variable,BUY,2.4200,13.2043,0.0000,31.9544,EUR,
623,IE00BYX5N771,0P0001CLDI.F,FUND,Fidelity MSCI Japan Index Fund EUR P Acc,14/01/2025,14/01/2025,Renta variable,BUY,4.2720,7.4898,0.0000,31.9964,EUR,
624,FR0000989626,0P00000LRT.F,FUND,GROUPAMA TRESORERIE I ACC EUR,14/01/2025,14/01/2025,Monetarios,BUY,0.0815,42918.6300,0.0000,3497.8683,EUR,
625,IE00BYX5N771,0P0001CLDI.F,FUND,Fidelity MSCI Japan Index Fund EUR P Acc,20/01/2025,20/01/2025,Renta variable,BUY,4.2080,7.6031,0.0000,31.9938,EUR,
626,IE00BDZVHT63,0P0001COSJ,FUND,Fidelity MSCI Pacific ex Japan Index Fund USD P Acc,20/01/2025,20/01/2025,Renta variable,BUY,1.1020,6.3475,0.0000,6.9949,USD,
627,IE00BYWYCC39,0P0001AINL.F,FUND,iShares Emerging Markets Index Fund (IE) D Acc EUR,20/01/2025,20/01/2025,Renta variable,BUY,2.3800,13.4450,0.0000,31.9991,EUR,
628,IE00B246KL88,0P0000CV2T.F,FUND,Vanguard 20+ Year Euro Treasury Index Fund EUR Acc,21/01/2025,21/01/2025,Renta fija,BUY,0.1000,149.0922,0.0000,14.9092,EUR,
629,IE00B1G3DH73,0P00006TV8.F,FUND,Vanguard U.S. 500 Stock Index Fund EUR Hedged Acc,21/01/2025,21/01/2025,Renta variable,BUY,0.2500,42.3672,0.0000,10.5918,EUR,
630,IE0007471471,0P00000W6H.F,FUND,Vanguard U.S. Govt Bd Idx € H Acc,21/01/2025,21/01/2025,Renta fija,BUY,0.2100,86.9903,0.0000,18.2680,EUR,
631,IE00BYX5MD61,0P0001CJGN.F,FUND,Fidelity MSCI Europe Index Fund EUR P Acc,21/01/2025,21/01/2025,Renta variable,BUY,3.7950,8.4310,0.0000,31.9956,EUR,
632,IE00BYX5MX67,0P0001CLDM.F,FUND,Fidelity S&P 500 Index Fund EUR P Acc,21/01/2025,21/01/2025,Renta variable,BUY,7.7540,14.1849,0.0000,109.9897,EUR,
633,LU2349459045,0P0001NYT8.F,FUND,Goldman Sachs Global Enhanced Index Sustainable Equity - I Cap EUR,21/01/2025,21/01/2025,Renta variable,BUY,0.0060,6590.8200,0.0000,39.5449,EUR,
634,IE00B1G3DH73,0P00006TV8.F,FUND,Vanguard U.S. 500 Stock Index Fund EUR Hedged Acc,27/01/2025,27/01/2025,Renta variable,BUY,0.2600,42.1030,0.0000,10.9468,EUR,
635,IE0007471471,0P00000W6H.F,FUND,Vanguard U.S. Govt Bd Idx € H Acc,27/01/2025,27/01/2025,Renta fija,BUY,0.2100,87.2384,0.0000,18.3201,EUR,
636,IE00B246KL88,0P0000CV2T.F,FUND,Vanguard 20+ Year Euro Treasury Index Fund EUR Acc,27/01/2025,27/01/2025,Renta fija,BUY,0.1000,148.7477,0.0000,14.8748,EUR,
637,IE00BYX5N771,0P0001CLDI.F,FUND,Fidelity MSCI Japan Index Fund EUR P Acc,27/01/2025,27/01/2025,Renta variable,BUY,4.1410,7.7264,0.0000,31.9950,EUR,
638,IE00BYX5MD61,0P0001CJGN.F,FUND,Fidelity MSCI Europe Index Fund EUR P Acc,27/01/2025,27/01/2025,Renta variable,BUY,3.7670,8.4941,0.0000,31.9973,EUR,
639,IE00BYX5MX67,0P0001CLDM.F,FUND,Fidelity S&P 500 Index Fund EUR P Acc,27/01/2025,27/01/2025,Renta variable,BUY,7.8750,13.9675,0.0000,109.9941,EUR,
640,LU2349459045,0P0001NYT8.F,FUND,Goldman Sachs Global Enhanced Index Sustainable Equity - I Cap EUR,27/01/2025,27/01/2025,Renta variable,BUY,0.0060,6520.9000,0.0000,39.1254,EUR,
641,IE00BYWYCC39,0P0001AINL.F,FUND,iShares Emerging Markets Index Fund (IE) D Acc EUR,27/01/2025,27/01/2025,Renta variable,BUY,2.3800,13.4261,0.0000,31.9541,EUR,
642,IE00BDZVHT63,0P0001COSJ,FUND,Fidelity MSCI Pacific ex Japan Index Fund USD P Acc,28/01/2025,28/01/2025,Renta variable,BUY,1.0990,6.3689,0.0000,6.9994,USD,
643,FR0000989626,0P00000LRT.F,FUND,GROUPAMA TRESORERIE I ACC EUR,28/01/2025,28/01/2025,Monetarios,SEND,0.0116,42971.4600,0.0000,498.4689,EUR,
644,IE00B1G3DH73,0P00006TV8.F,FUND,Vanguard U.S. 500 Stock Index Fund EUR Hedged Acc,30/01/2025,30/01/2025,Renta variable,RECEIVE,11.7200,42.5022,0.0000,498.1258,EUR,
645,IE0007471471,0P00000W6H.F,FUND,Vanguard U.S. Govt Bd Idx € H Acc,03/02/2025,03/02/2025,Renta fija,BUY,0.2100,87.2307,0.0000,18.3184,EUR,
646,IE00B1G3DH73,0P00006TV8.F,FUND,Vanguard U.S. 500 Stock Index Fund EUR Hedged Acc,03/02/2025,03/02/2025,Renta variable,BUY,0.2600,41.9602,0.0000,10.9097,EUR,
647,IE00B246KL88,0P0000CV2T.F,FUND,Vanguard 20+ Year Euro Treasury Index Fund EUR Acc,03/02/2025,03/02/2025,Renta fija,BUY,0.1000,152.7061,0.0000,15.2706,EUR,
648,IE00BDZVHT63,0P0001COSJ,FUND,Fidelity MSCI Pacific ex Japan Index Fund USD P Acc,03/02/2025,03/02/2025,Renta variable,BUY,1.1080,6.3155,0.0000,6.9976,USD,
649,IE00BYX5N771,0P0001CLDI.F,FUND,Fidelity MSCI Japan Index Fund EUR P Acc,03/02/2025,03/02/2025,Renta variable,BUY,4.1440,7.7211,0.0000,31.9962,EUR,
650,IE00BYX5MD61,0P0001CJGN.F,FUND,Fidelity MSCI Europe Index Fund EUR P Acc,03/02/2025,03/02/2025,Renta variable,BUY,3.7230,8.5937,0.0000,31.9943,EUR,
651,IE00BYX5MX67,0P0001CLDM.F,FUND,Fidelity S&P 500 Index Fund EUR P Acc,03/02/2025,03/02/2025,Renta variable,BUY,7.7590,14.1770,0.0000,109.9993,EUR,
652,LU2349459045,0P0001NYT8.F,FUND,Goldman Sachs Global Enhanced Index Sustainable Equity - I Cap EUR,03/02/2025,03/02/2025,Renta variable,BUY,0.0060,6603.9700,0.0000,39.6238,EUR,
653,IE00BYWYCC39,0P0001AINL.F,FUND,iShares Emerging Markets Index Fund (IE) D Acc EUR,03/02/2025,03/02/2025,Renta variable,BUY,2.3700,13.4750,0.0000,31.9358,EUR,
654,IE00B1G3DH73,0P00006TV8.F,FUND,Vanguard U.S. 500 Stock Index Fund EUR Hedged Acc,10/02/2025,10/02/2025,Renta variable,BUY,0.2500,42.4619,0.0000,10.6155,EUR,
655,IE00B246KL88,0P0000CV2T.F,FUND,Vanguard 20+ Year Euro Treasury Index Fund EUR Acc,10/02/2025,10/02/2025,Renta fija,BUY,0.1000,153.4827,0.0000,15.3483,EUR,
656,IE0007471471,0P00000W6H.F,FUND,Vanguard U.S. Govt Bd Idx € H Acc,10/02/2025,10/02/2025,Renta fija,BUY,0.2100,87.4453,0.0000,18.3635,EUR,
657,IE00BYX5MD61,0P0001CJGN.F,FUND,Fidelity MSCI Europe Index Fund EUR P Acc,10/02/2025,10/02/2025,Renta variable,BUY,3.6510,8.7625,0.0000,31.9919,EUR,
658,IE00BYX5N771,0P0001CLDI.F,FUND,Fidelity MSCI Japan Index Fund EUR P Acc,10/02/2025,10/02/2025,Renta variable,BUY,4.0430,7.9141,0.0000,31.9967,EUR,
659,IE00BYX5MX67,0P0001CLDM.F,FUND,Fidelity S&P 500 Index Fund EUR P Acc,10/02/2025,10/02/2025,Renta variable,BUY,7.6660,14.3474,0.0000,109.9872,EUR,
660,IE00BDZVHT63,0P0001COSJ,FUND,Fidelity MSCI Pacific ex Japan Index Fund USD P Acc,10/02/2025,10/02/2025,Renta variable,BUY,1.0830,6.4613,0.0000,6.9976,USD,
661,LU2349459045,0P0001NYT8.F,FUND,Goldman Sachs Global Enhanced Index Sustainable Equity - I Cap EUR,10/02/2025,10/02/2025,Renta variable,BUY,0.0060,6697.2000,0.0000,40.1832,EUR,
662,IE00BYWYCC39,0P0001AINL.F,FUND,iShares Emerging Markets Index Fund (IE) D Acc EUR,10/02/2025,10/02/2025,Renta variable,BUY,2.2900,13.9170,0.0000,31.8699,EUR,
663,IE00B246KL88,0P0000CV2T.F,FUND,Vanguard 20+ Year Euro Treasury Index Fund EUR Acc,17/02/2025,17/02/2025,Renta fija,BUY,0.1000,150.2018,0.0000,15.0202,EUR,
664,IE00BYX5N771,0P0001CLDI.F,FUND,Fidelity MSCI Japan Index Fund EUR P Acc,17/02/2025,17/02/2025,Renta variable,BUY,4.0390,7.9219,0.0000,31.9966,EUR,
665,IE00BDZVHT63,0P0001COSJ,FUND,Fidelity MSCI Pacific ex Japan Index Fund USD P Acc,17/02/2025,17/02/2025,Renta variable,BUY,1.0570,6.6222,0.0000,6.9997,USD,
666,IE00BYX5MD61,0P0001CJGN.F,FUND,Fidelity MSCI Europe Index Fund EUR P Acc,17/02/2025,17/02/2025,Renta variable,BUY,3.5870,8.9209,0.0000,31.9993,EUR,
667,IE00BYWYCC39,0P0001AINL.F,FUND,iShares Emerging Markets Index Fund (IE) D Acc EUR,17/02/2025,17/02/2025,Renta variable,BUY,2.2800,13.9887,0.0000,31.8942,EUR,
668,IE00B1G3DH73,0P00006TV8.F,FUND,Vanguard U.S. 500 Stock Index Fund EUR Hedged Acc,18/02/2025,18/02/2025,Renta variable,BUY,0.2500,42.8994,0.0000,10.7249,EUR,
669,IE0007471471,0P00000W6H.F,FUND,Vanguard U.S. Govt Bd Idx € H Acc,18/02/2025,18/02/2025,Renta fija,BUY,0.2100,87.2089,0.0000,18.3139,EUR,
670,IE00BYX5MX67,0P0001CLDM.F,FUND,Fidelity S&P 500 Index Fund EUR P Acc,18/02/2025,18/02/2025,Renta variable,BUY,7.6960,14.2928,0.0000,109.9974,EUR,
671,LU2349459045,0P0001NYT8.F,FUND,Goldman Sachs Global Enhanced Index Sustainable Equity - I Cap EUR,18/02/2025,18/02/2025,Renta variable,BUY,0.0060,6699.2200,0.0000,40.1953,EUR,
672,IE0007471471,0P00000W6H.F,FUND,Vanguard U.S. Govt Bd Idx € H Acc,20/02/2025,20/02/2025,Renta fija,SEND,10.8700,87.4055,0.0000,950.0978,EUR,
673,IE00BYX5MX67,0P0001CLDM.F,FUND,Fidelity S&P 500 Index Fund EUR P Acc,21/02/2025,21/02/2025,Renta variable,RECEIVE,67.6720,14.0395,0.0000,950.0810,EUR,
674,IE00B1G3DH73,0P00006TV8.F,FUND,Vanguard U.S. 500 Stock Index Fund EUR Hedged Acc,24/02/2025,24/02/2025,Renta variable,BUY,0.2600,41.8760,0.0000,10.8878,EUR,
675,IE00B246KL88,0P0000CV2T.F,FUND,Vanguard 20+ Year Euro Treasury Index Fund EUR Acc,24/02/2025,24/02/2025,Renta fija,BUY,0.1000,150.1793,0.0000,15.0179,EUR,
676,IE00BYX5MD61,0P0001CJGN.F,FUND,Fidelity MSCI Europe Index Fund EUR P Acc,24/02/2025,24/02/2025,Renta variable,BUY,3.5900,8.9131,0.0000,31.9980,EUR,
677,IE00BDZVHT63,0P0001COSJ,FUND,Fidelity MSCI Pacific ex Japan Index Fund USD P Acc,24/02/2025,24/02/2025,Renta variable,BUY,1.0740,6.5145,0.0000,6.9966,USD,
678,IE00BYX5MX67,0P0001CLDM.F,FUND,Fidelity S&P 500 Index Fund EUR P Acc,24/02/2025,24/02/2025,Renta variable,BUY,7.8840,13.9510,0.0000,109.9897,EUR,
679,LU2349459045,0P0001NYT8.F,FUND,Goldman Sachs Global Enhanced Index Sustainable Equity - I Cap EUR,24/02/2025,24/02/2025,Renta variable,BUY,0.0060,6569.1100,0.0000,39.4147,EUR,
680,IE00BYWYCC39,0P0001AINL.F,FUND,iShares Emerging Markets Index Fund (IE) D Acc EUR,24/02/2025,24/02/2025,Renta variable,BUY,2.2700,14.0720,0.0000,31.9434,EUR,
681,IE00BYX5N771,0P0001CLDI.F,FUND,Fidelity MSCI Japan Index Fund EUR P Acc,25/02/2025,25/02/2025,Renta variable,BUY,4.0500,7.8997,0.0000,31.9938,EUR,
682,IE00BDZVHT63,0P0001COSJ,FUND,Fidelity MSCI Pacific ex Japan Index Fund USD P Acc,28/02/2025,28/02/2025,Renta variable,BUY,1.1010,6.3555,0.0000,6.9974,USD,
683,IE00BYX5N771,0P0001CLDI.F,FUND,Fidelity MSCI Japan Index Fund EUR P Acc,28/02/2025,28/02/2025,Renta variable,BUY,4.1280,7.7505,0.0000,31.9941,EUR,
684,IE00BYWYCC39,0P0001AINL.F,FUND,iShares Emerging Markets Index Fund (IE) D Acc EUR,28/02/2025,28/02/2025,Renta variable,BUY,2.3300,13.7188,0.0000,31.9648,EUR,
685,IE00B246KL88,0P0000CV2T.F,FUND,Vanguard 20+ Year Euro Treasury Index Fund EUR Acc,03/03/2025,03/03/2025,Renta fija,BUY,0.1000,148.0556,0.0000,14.8056,EUR,
686,IE00B1G3DH73,0P00006TV8.F,FUND,Vanguard U.S. 500 Stock Index Fund EUR Hedged Acc,03/03/2025,03/03/2025,Renta variable,BUY,0.2600,40.9402,0.0000,10.6445,EUR,
687,IE00BYX5MD61,0P0001CJGN.F,FUND,Fidelity MSCI Europe Index Fund EUR P Acc,03/03/2025,03/03/2025,Renta variable,BUY,3.5250,9.0764,0.0000,31.9943,EUR,
688,IE00BYX5MX67,0P0001CLDM.F,FUND,Fidelity S&P 500 Index Fund EUR P Acc,03/03/2025,03/03/2025,Renta variable,BUY,8.0760,13.6204,0.0000,109.9984,EUR,
689,LU2349459045,0P0001NYT8.F,FUND,Goldman Sachs Global Enhanced Index Sustainable Equity - I Cap EUR,03/03/2025,03/03/2025,Renta variable,BUY,0.0060,6468.8000,0.0000,38.8128,EUR,
690,IE00B1G3DH73,0P00006TV8.F,FUND,Vanguard U.S. 500 Stock Index Fund EUR Hedged Acc,10/03/2025,10/03/2025,Renta variable,BUY,0.2700,39.3515,0.0000,10.6249,EUR,
691,IE00B246KL88,0P0000CV2T.F,FUND,Vanguard 20+ Year Euro Treasury Index Fund EUR Acc,10/03/2025,10/03/2025,Renta fija,BUY,0.1100,140.5678,0.0000,15.4625,EUR,
692,IE00BYX5MX67,0P0001CLDM.F,FUND,Fidelity S&P 500 Index Fund EUR P Acc,10/03/2025,10/03/2025,Renta variable,BUY,8.6950,12.6498,0.0000,109.9900,EUR,
693,IE00BYX5MD61,0P0001CJGN.F,FUND,Fidelity MSCI Europe Index Fund EUR P Acc,10/03/2025,10/03/2025,Renta variable,BUY,3.6470,8.7743,0.0000,31.9999,EUR,
694,IE00BDZVHT63,0P0001COSJ,FUND,Fidelity MSCI Pacific ex Japan Index Fund USD P Acc,10/03/2025,10/03/2025,Renta variable,BUY,1.0980,6.3733,0.0000,6.9979,USD,
695,IE00BYX5N771,0P0001CLDI.F,FUND,Fidelity MSCI Japan Index Fund EUR P Acc,10/03/2025,10/03/2025,Renta variable,BUY,4.1870,7.6420,0.0000,31.9971,EUR,
696,LU2349459045,0P0001NYT8.F,FUND,Goldman Sachs Global Enhanced Index Sustainable Equity - I Cap EUR,10/03/2025,10/03/2025,Renta variable,BUY,0.0060,6066.8200,0.0000,36.4009,EUR,
697,IE00BYWYCC39,0P0001AINL.F,FUND,iShares Emerging Markets Index Fund (IE) D Acc EUR,10/03/2025,10/03/2025,Renta variable,BUY,2.3900,13.3475,0.0000,31.9005,EUR,
698,IE00B1G3DH73,0P00006TV8.F,FUND,Vanguard U.S. 500 Stock Index Fund EUR Hedged Acc,18/03/2025,18/03/2025,Renta variable,BUY,0.2700,39.3650,0.0000,10.6286,EUR,
699,IE00BYX5MX67,0P0001CLDM.F,FUND,Fidelity S&P 500 Index Fund EUR P Acc,18/03/2025,18/03/2025,Renta variable,BUY,8.7650,12.5493,0.0000,109.9946,EUR,
700,IE00BYX5MD61,0P0001CJGN.F,FUND,Fidelity MSCI Europe Index Fund EUR P Acc,18/03/2025,18/03/2025,Renta variable,BUY,3.5850,8.9247,0.0000,31.9950,EUR,
701,LU2349459045,0P0001NYT8.F,FUND,Goldman Sachs Global Enhanced Index Sustainable Equity - I Cap EUR,18/03/2025,18/03/2025,Renta variable,BUY,0.0060,6049.3600,0.0000,36.2962,EUR,
702,FR0000989626,0P00000LRT.F,FUND,GROUPAMA TRESORERIE I ACC EUR,18/03/2025,18/03/2025,Monetarios,BUY,0.0115,43136.3300,0.0000,496.0678,EUR,
703,IE00BDZVHT63,0P0001COSJ,FUND,Fidelity MSCI Pacific ex Japan Index Fund USD P Acc,19/03/2025,19/03/2025,Renta variable,BUY,1.1060,6.3288,0.0000,6.9997,USD,
704,IE00BYX5N771,0P0001CLDI.F,FUND,Fidelity MSCI Japan Index Fund EUR P Acc,19/03/2025,19/03/2025,Renta variable,BUY,4.1400,7.7283,0.0000,31.9952,EUR,
705,IE00BYWYCC39,0P0001AINL.F,FUND,iShares Emerging Markets Index Fund (IE) D Acc EUR,19/03/2025,19/03/2025,Renta variable,BUY,2.3400,13.6530,0.0000,31.9480,EUR,
706,FR0000989626,0P00000LRT.F,FUND,GROUPAMA TRESORERIE I ACC EUR,19/03/2025,19/03/2025,Monetarios,BUY,0.0066,43139.4100,0.0000,284.7201,EUR,
707,IE00B1G3DH73,0P00006TV8.F,FUND,Vanguard U.S. 500 Stock Index Fund EUR Hedged Acc,24/03/2025,24/03/2025,Renta variable,BUY,0.2400,40.3584,0.0000,9.6860,EUR,
708,IE00BDZVHT63,0P0001COSJ,FUND,Fidelity MSCI Pacific ex Japan Index Fund USD P Acc,24/03/2025,24/03/2025,Renta variable,BUY,1.1060,6.3236,0.0000,6.9939,USD,
709,IE00BYX5MX67,0P0001CLDM.F,FUND,Fidelity S&P 500 Index Fund EUR P Acc,24/03/2025,24/03/2025,Renta variable,BUY,9.1940,13.0514,0.0000,119.9946,EUR,
710,IE00BYX5N771,0P0001CLDI.F,FUND,Fidelity MSCI Japan Index Fund EUR P Acc,24/03/2025,24/03/2025,Renta variable,BUY,4.1320,7.7435,0.0000,31.9961,EUR,
711,IE00BYX5MD61,0P0001CJGN.F,FUND,Fidelity MSCI Europe Index Fund EUR P Acc,24/03/2025,24/03/2025,Renta variable,BUY,5.6620,8.8303,0.0000,49.9972,EUR,
712,LU2349459045,0P0001NYT8.F,FUND,Goldman Sachs Global Enhanced Index Sustainable Equity - I Cap EUR,24/03/2025,24/03/2025,Renta variable,BUY,0.0040,6222.7200,0.0000,24.8909,EUR,
713,IE00BYWYCC39,0P0001AINL.F,FUND,iShares Emerging Markets Index Fund (IE) D Acc EUR,24/03/2025,24/03/2025,Renta variable,BUY,2.3400,13.6640,0.0000,31.9738,EUR,
714,FR0000989626,0P00000LRT.F,FUND,GROUPAMA TRESORERIE I ACC EUR,27/03/2025,27/03/2025,Monetarios,BUY,0.0208,43163.4100,0.0000,897.7989,EUR,
715,IE00B1G3DH73,0P00006TV8.F,FUND,Vanguard U.S. 500 Stock Index Fund EUR Hedged Acc,31/03/2025,31/03/2025,Renta variable,BUY,0.2500,39.3015,0.0000,9.8254,EUR,
716,IE00BYX5MD61,0P0001CJGN.F,FUND,Fidelity MSCI Europe Index Fund EUR P Acc,31/03/2025,31/03/2025,Renta variable,BUY,5.8090,8.6061,0.0000,49.9928,EUR,
717,IE00BYX5N771,0P0001CLDI.F,FUND,Fidelity MSCI Japan Index Fund EUR P Acc,31/03/2025,31/03/2025,Renta variable,BUY,5.3530,7.4724,0.0000,39.9998,EUR,
718,IE00BDZVHT63,0P0001COSJ,FUND,Fidelity MSCI Pacific ex Japan Index Fund USD P Acc,31/03/2025,31/03/2025,Renta variable,BUY,3.2030,6.2423,0.0000,19.9941,USD,
719,LU2349459045,0P0001NYT8.F,FUND,Goldman Sachs Global Enhanced Index Sustainable Equity - I Cap EUR,31/03/2025,31/03/2025,Renta variable,BUY,0.0040,6051.3500,0.0000,24.2054,EUR,
720,IE00BYX5MX67,0P0001CLDM.F,FUND,Fidelity S&P 500 Index Fund EUR P Acc,31/03/2025,31/03/2025,Renta variable,BUY,9.4550,12.6910,0.0000,119.9934,EUR,
721,IE00BYWYCC39,0P0001AINL.F,FUND,iShares Emerging Markets Index Fund (IE) D Acc EUR,31/03/2025,31/03/2025,Renta variable,BUY,3.3900,13.2450,0.0000,44.9006,EUR,
722,IE00BYX5MX67,0P0001CLDM.F,FUND,Fidelity S&P 500 Index Fund EUR P Acc,04/04/2025,04/04/2025,Renta variable,SEND,470.1830,11.2821,0.0000,5304.6516,EUR,
723,IE00B1G3DH73,0P00006TV8.F,FUND,Vanguard U.S. 500 Stock Index Fund EUR Hedged Acc,07/04/2025,07/04/2025,Renta variable,RECEIVE,148.9100,35.6230,0.0000,5304.6209,EUR,
724,IE00BDZVHT63,0P0001COSJ,FUND,Fidelity MSCI Pacific ex Japan Index Fund USD P Acc,07/04/2025,07/04/2025,Renta variable,BUY,3.5520,5.6303,0.0000,19.9988,USD,
725,IE00BYX5N771,0P0001CLDI.F,FUND,Fidelity MSCI Japan Index Fund EUR P Acc,07/04/2025,07/04/2025,Renta variable,BUY,6.2240,6.4263,0.0000,39.9973,EUR,
726,IE00BYWYCC39,0P0001AINL.F,FUND,iShares Emerging Markets Index Fund (IE) D Acc EUR,07/04/2025,07/04/2025,Renta variable,BUY,3.7700,11.9322,0.0000,44.9844,EUR,
727,FR0000989626,0P00000LRT.F,FUND,GROUPAMA TRESORERIE I ACC EUR,07/04/2025,07/04/2025,Monetarios,BUY,0.0032,43196.6700,0.0000,138.2293,EUR,
728,IE00B1G3DH73,0P00006TV8.F,FUND,Vanguard U.S. 500 Stock Index Fund EUR Hedged Acc,08/04/2025,08/04/2025,Renta variable,BUY,3.4200,35.0691,0.0000,119.9363,EUR,
729,IE00BYX5MD61,0P0001CJGN.F,FUND,Fidelity MSCI Europe Index Fund EUR P Acc,08/04/2025,08/04/2025,Renta variable,BUY,6.3560,7.8658,0.0000,49.9950,EUR,
730,IE00BYX5MX67,0P0001CLDM.F,FUND,Fidelity S&P 500 Index Fund EUR P Acc,08/04/2025,08/04/2025,Renta variable,BUY,0.8960,11.1581,0.0000,9.9977,EUR,
731,LU2349459045,0P0001NYT8.F,FUND,Goldman Sachs Global Enhanced Index Sustainable Equity - I Cap EUR,08/04/2025,08/04/2025,Renta variable,BUY,0.0050,5398.4500,0.0000,26.9923,EUR,
732,IE00B1G3DH73,0P00006TV8.F,FUND,Vanguard U.S. 500 Stock Index Fund EUR Hedged Acc,14/04/2025,14/04/2025,Renta variable,BUY,3.1500,38.0221,0.0000,119.7696,EUR,
733,IE00BDZVHT63,0P0001COSJ,FUND,Fidelity MSCI Pacific ex Japan Index Fund USD P Acc,14/04/2025,14/04/2025,Renta variable,BUY,2.9520,6.0959,0.0000,17.9951,USD,
734,IE00BYX5MD61,0P0001CJGN.F,FUND,Fidelity MSCI Europe Index Fund EUR P Acc,14/04/2025,14/04/2025,Renta variable,BUY,6.2010,8.0629,0.0000,49.9980,EUR,
735,LU2349459045,0P0001NYT8.F,FUND,Goldman Sachs Global Enhanced Index Sustainable Equity - I Cap EUR,14/04/2025,14/04/2025,Renta variable,BUY,0.0050,5603.5500,0.0000,28.0178,EUR,
736,IE00BYX5N771,0P0001CLDI.F,FUND,Fidelity MSCI Japan Index Fund EUR P Acc,14/04/2025,14/04/2025,Renta variable,BUY,5.7970,6.8996,0.0000,39.9970,EUR,
737,IE00BYX5MX67,0P0001CLDM.F,FUND,Fidelity S&P 500 Index Fund EUR P Acc,14/04/2025,14/04/2025,Renta variable,BUY,0.8600,11.6213,0.0000,9.9943,EUR,
738,IE00BYWYCC39,0P0001AINL.F,FUND,iShares Emerging Markets Index Fund (IE) D Acc EUR,15/04/2025,15/04/2025,Renta variable,BUY,3.6900,12.1649,0.0000,44.8885,EUR,
739,IE00B1G3DH73,0P00006TV8.F,FUND,Vanguard U.S. 500 Stock Index Fund EUR Hedged Acc,21/04/2025,21/04/2025,Renta variable,BUY,3.3000,36.2582,0.0000,119.6521,EUR,
740,IE00BYX5MX67,0P0001CLDM.F,FUND,Fidelity S&P 500 Index Fund EUR P Acc,21/04/2025,21/04/2025,Renta variable,BUY,0.9120,10.9623,0.0000,9.9976,EUR,
741,IE00BYX5MD61,0P0001CJGN.F,FUND,Fidelity MSCI Europe Index Fund EUR P Acc,22/04/2025,22/04/2025,Renta variable,BUY,6.0940,8.2044,0.0000,49.9976,EUR,
742,IE00BYX5N771,0P0001CLDI.F,FUND,Fidelity MSCI Japan Index Fund EUR P Acc,22/04/2025,22/04/2025,Renta variable,BUY,5.6620,7.0636,0.0000,39.9941,EUR,
743,LU2349459045,0P0001NYT8.F,FUND,Goldman Sachs Global Enhanced Index Sustainable Equity - I Cap EUR,22/04/2025,22/04/2025,Renta variable,BUY,0.0050,5509.2500,0.0000,27.5463,EUR,
744,IE00BDZVHT63,0P0001COSJ,FUND,Fidelity MSCI Pacific ex Japan Index Fund USD P Acc,23/04/2025,23/04/2025,Renta variable,BUY,3.1390,6.3705,0.0000,19.9970,USD,
745,IE00BYWYCC39,0P0001AINL.F,FUND,iShares Emerging Markets Index Fund (IE) D Acc EUR,23/04/2025,23/04/2025,Renta variable,BUY,3.5800,12.5600,0.0000,44.9648,EUR,
